counter	pd	associated_permutation	knot_type
1	(2,2,2,2,2,2,2,2,2)	(1,3,5,7,9,2,4,6,8)	p5.1
2	(2,2,2,2,2,2,4,7,4)	(1,3,5,7,9,2,4,8,6)	a0.1
3	(2,2,2,2,2,4,2,5,6)	(1,3,5,7,9,2,6,8,4)	a0.1
4	(2,2,2,2,2,6,5,2,4)	(1,3,5,7,9,2,8,4,6)	a0.1
5	(2,2,2,2,4,4,3,4,4)	(1,3,5,7,9,4,8,2,6)	p5.2
6	(2,2,2,2,6,2,3,2,6)	(1,3,5,7,9,6,8,2,4)	p3.1#p3.1
7	(2,2,3,3,2,2,3,7,3)	(1,3,5,8,2,4,6,9,7)	m5.1
8	(2,2,3,3,2,3,2,6,4)	(1,3,5,8,2,4,7,9,6)	m5.2
9	(2,2,3,3,4,3,4,3,3)	(1,3,5,8,2,6,9,4,7)	m8.20
10	(2,2,3,3,5,2,4,2,4)	(1,3,5,8,2,7,9,4,6)	a6.3
11	(2,2,3,5,2,3,2,5,3)	(1,3,5,8,4,6,9,2,7)	p8.21
12	(2,2,3,5,3,2,2,4,4)	(1,3,5,8,4,7,9,2,6)	p6.2
13	(2,2,4,2,4,2,5,3,3)	(1,3,5,9,2,6,8,4,7)	a6.3
14	(2,2,4,6,2,3,2,3,3)	(1,3,5,9,6,8,2,4,7)	m5.2
15	(2,3,2,3,2,3,2,5,5)	(1,3,6,8,2,4,7,9,5)	m3.1
16	(2,3,2,3,3,4,4,3,3)	(1,3,6,8,2,5,9,4,7)	p3.1#m3.1
17	(2,3,3,2,3,3,5,3,3)	(1,3,6,9,2,5,8,4,7)	p8.20
18	(2,2,2,2,2,6,7,7,6)	(1,3,5,7,9,2,8,6,4)	p5.2
19	(2,2,2,2,4,7,6,7,4)	(1,3,5,7,9,4,2,8,6)	m3.1
20	(2,2,2,2,6,5,6,5,6)	(1,3,5,7,9,6,2,8,4)	m3.1
21	(2,2,2,4,6,5,5,6,4)	(1,3,5,7,2,8,4,9,6)	m3.1#m3.1
22	(2,2,2,4,6,7,3,4,6)	(1,3,5,7,2,8,6,9,4)	m5.2
23	(2,2,2,4,7,4,4,7,4)	(1,3,5,7,2,9,4,8,6)	m3.1
24	(2,2,2,4,7,6,2,5,6)	(1,3,5,7,2,9,6,8,4)	m3.1
25	(2,2,2,6,4,3,7,6,4)	(1,3,5,7,4,8,2,9,6)	m5.2
26	(2,2,2,6,5,2,6,7,4)	(1,3,5,7,4,9,2,8,6)	m3.1
27	(2,2,3,3,4,3,7,6,6)	(1,3,5,8,2,6,9,7,4)	p6.1
28	(2,2,3,3,4,7,5,7,3)	(1,3,5,8,2,6,4,9,7)	m6.2
29	(2,2,3,3,5,2,6,7,6)	(1,3,5,8,2,7,9,6,4)	p6.2
30	(2,2,3,3,5,6,5,6,4)	(1,3,5,8,2,7,4,9,6)	m8.21
31	(2,2,3,3,7,6,7,3,3)	(1,3,5,8,2,9,6,4,7)	m5.1
32	(2,2,3,3,7,7,6,2,4)	(1,3,5,8,2,9,7,4,6)	m5.2
33	(2,2,3,5,2,5,7,7,3)	(1,3,5,8,4,6,2,9,7)	a6.3
34	(2,2,3,5,3,4,7,6,4)	(1,3,5,8,4,7,2,9,6)	p8.20
35	(2,2,3,5,5,6,5,5,3)	(1,3,5,8,4,9,6,2,7)	m3.1
36	(2,2,3,5,5,7,4,4,4)	(1,3,5,8,4,9,7,2,6)	a0.1
37	(2,2,3,5,7,4,3,7,3)	(1,3,5,8,4,2,6,9,7)	m6.2
38	(2,2,3,5,7,5,2,6,4)	(1,3,5,8,4,2,7,9,6)	m6.1
39	(2,2,3,7,3,2,5,6,6)	(1,3,5,8,6,9,2,7,4)	p6.1
40	(2,2,3,7,3,4,7,5,3)	(1,3,5,8,6,9,4,2,7)	m6.2
41	(2,2,3,7,3,7,4,2,6)	(1,3,5,8,6,9,7,2,4)	p3.1#m3.1
42	(2,2,3,7,5,2,5,7,3)	(1,3,5,8,6,2,4,9,7)	a6.3
43	(2,2,3,7,5,5,2,4,6)	(1,3,5,8,6,2,7,9,4)	a0.1
44	(2,2,3,7,5,7,4,3,3)	(1,3,5,8,6,2,9,4,7)	m6.2
45	(2,2,3,7,7,5,2,5,3)	(1,3,5,8,6,4,9,2,7)	a6.3
46	(2,2,4,2,5,6,4,7,4)	(1,3,5,9,2,7,4,8,6)	m6.2
47	(2,2,4,2,6,7,7,3,3)	(1,3,5,9,2,8,6,4,7)	m5.2
48	(2,2,4,4,3,4,6,7,4)	(1,3,5,9,4,7,2,8,6)	a6.3
49	(2,2,4,4,4,7,5,5,3)	(1,3,5,9,4,8,6,2,7)	a0.1
50	(2,2,4,6,2,3,5,6,6)	(1,3,5,9,6,8,2,7,4)	p6.2
51	(2,2,4,6,2,5,7,5,3)	(1,3,5,9,6,8,4,2,7)	m6.1
52	(2,2,4,6,5,6,5,3,3)	(1,3,5,9,6,2,8,4,7)	m8.21
53	(2,2,4,6,7,4,3,5,3)	(1,3,5,9,6,4,8,2,7)	p8.20
54	(2,2,4,7,4,2,4,7,4)	(1,3,5,9,7,2,4,8,6)	p5.2
55	(2,2,4,7,4,4,2,5,6)	(1,3,5,9,7,2,6,8,4)	p5.2
56	(2,2,4,7,4,6,5,2,4)	(1,3,5,9,7,2,8,4,6)	m6.2
57	(2,2,4,7,6,4,3,4,4)	(1,3,5,9,7,4,8,2,6)	a6.3
58	(2,2,6,2,4,7,3,7,3)	(1,3,5,2,4,8,6,9,7)	p3.1#m3.1
59	(2,2,6,4,2,5,5,7,3)	(1,3,5,2,6,8,4,9,7)	a0.1
60	(2,2,6,5,2,4,4,7,4)	(1,3,5,2,7,9,4,8,6)	p5.2
61	(2,2,6,5,2,6,2,5,6)	(1,3,5,2,7,9,6,8,4)	p3.1#p3.1
62	(2,2,6,6,5,2,3,7,3)	(1,3,5,2,8,4,6,9,7)	p6.1
63	(2,2,6,6,5,3,2,6,4)	(1,3,5,2,8,4,7,9,6)	p6.2
64	(2,2,6,6,7,3,4,3,3)	(1,3,5,2,8,6,9,4,7)	p6.1
65	(2,2,6,7,6,2,5,3,3)	(1,3,5,2,9,6,8,4,7)	p6.2
66	(2,3,2,3,2,5,7,7,5)	(1,3,6,8,2,4,9,7,5)	a4.1
67	(2,3,2,3,3,4,7,6,6)	(1,3,6,8,2,5,9,7,4)	m6.1
68	(2,3,2,3,5,6,5,5,5)	(1,3,6,8,2,7,4,9,5)	m6.2
69	(2,3,2,3,5,7,4,4,6)	(1,3,6,8,2,7,5,9,4)	m6.1
70	(2,3,2,3,7,4,3,7,5)	(1,3,6,8,2,9,4,7,5)	a4.1
71	(2,3,2,3,7,5,2,6,6)	(1,3,6,8,2,9,5,7,4)	a0.1
72	(2,3,2,5,3,4,7,5,5)	(1,3,6,8,4,7,2,9,5)	a6.3
73	(2,3,2,5,5,2,5,7,5)	(1,3,6,8,4,9,2,7,5)	a4.1
74	(2,3,2,5,5,5,6,5,3)	(1,3,6,8,4,9,5,2,7)	m6.2
75	(2,3,2,5,5,7,4,3,5)	(1,3,6,8,4,9,7,2,5)	a6.3
76	(2,3,2,5,7,3,4,7,3)	(1,3,6,8,4,2,5,9,7)	a4.1
77	(2,3,2,5,7,5,2,5,5)	(1,3,6,8,4,2,7,9,5)	a4.1
78	(2,3,2,6,2,4,7,4,6)	(1,3,6,8,5,7,2,9,4)	p3.1
79	(2,3,2,6,4,2,5,6,6)	(1,3,6,8,5,9,2,7,4)	p6.2
80	(2,3,2,6,4,4,7,5,3)	(1,3,6,8,5,9,4,2,7)	m6.1
81	(2,3,2,6,4,7,4,2,6)	(1,3,6,8,5,9,7,2,4)	p3.1
82	(2,3,2,6,6,2,5,7,3)	(1,3,6,8,5,2,4,9,7)	a0.1
83	(2,3,2,6,6,5,2,4,6)	(1,3,6,8,5,2,7,9,4)	p6.2
84	(2,3,2,6,6,7,4,3,3)	(1,3,6,8,5,2,9,4,7)	m6.1
85	(2,3,3,2,5,6,4,6,5)	(1,3,6,9,2,7,4,8,5)	p9.42
86	(2,3,3,2,5,7,3,5,6)	(1,3,6,9,2,7,5,8,4)	p6.1
87	(2,3,3,2,6,5,3,7,5)	(1,3,6,9,2,8,4,7,5)	p6.1
88	(2,3,3,2,6,6,2,6,6)	(1,3,6,9,2,8,5,7,4)	p6.2
89	(2,3,3,4,3,4,6,6,5)	(1,3,6,9,4,7,2,8,5)	p9.44
90	(2,3,3,4,4,3,5,7,5)	(1,3,6,9,4,8,2,7,5)	p3.1#a4.1
91	(2,3,3,4,4,6,6,5,3)	(1,3,6,9,4,8,5,2,7)	m6.1
92	(2,3,3,5,2,4,6,5,6)	(1,3,6,9,5,7,2,8,4)	p7.6
93	(2,3,3,5,3,3,5,6,6)	(1,3,6,9,5,8,2,7,4)	p9.43
94	(2,3,3,5,3,5,7,5,3)	(1,3,6,9,5,8,4,2,7)	m9.42
95	(2,3,3,5,6,6,5,3,3)	(1,3,6,9,5,2,8,4,7)	p9.46
96	(2,3,3,7,4,2,4,6,5)	(1,3,6,9,7,2,4,8,5)	p7.2
97	(2,3,3,7,4,3,3,5,6)	(1,3,6,9,7,2,5,8,4)	p7.3
98	(2,3,3,7,6,4,3,3,5)	(1,3,6,9,7,4,8,2,5)	m8.20
99	(2,3,3,7,7,3,3,2,6)	(1,3,6,9,7,5,8,2,4)	p3.1#m3.1
100	(2,3,5,2,4,6,4,7,3)	(1,3,6,2,4,8,5,9,7)	m8.20
101	(2,3,5,3,3,5,5,7,3)	(1,3,6,2,5,8,4,9,7)	p5.2
102	(2,3,5,5,2,4,4,6,5)	(1,3,6,2,7,9,4,8,5)	p5.1
103	(2,3,5,5,2,5,3,5,6)	(1,3,6,2,7,9,5,8,4)	p8.19
104	(2,3,5,6,5,3,2,5,5)	(1,3,6,2,8,4,7,9,5)	p8.21
105	(2,3,5,6,6,4,4,3,3)	(1,3,6,2,8,5,9,4,7)	m6.1
106	(2,3,5,7,5,3,5,3,3)	(1,3,6,2,9,5,8,4,7)	m9.42
107	(2,3,7,4,3,3,4,7,3)	(1,3,6,4,8,2,5,9,7)	p7.4
108	(2,3,7,4,3,5,2,5,5)	(1,3,6,4,8,2,7,9,5)	p7.5
109	(2,3,7,4,6,4,2,5,3)	(1,3,6,4,8,5,9,2,7)	m8.20
110	(2,3,7,5,5,3,3,5,3)	(1,3,6,4,9,5,8,2,7)	p5.2
111	(2,4,2,4,2,5,6,6,5)	(1,3,7,9,4,6,2,8,5)	p7.7
112	(2,4,2,4,4,6,6,4,4)	(1,3,7,9,4,8,5,2,6)	a4.1
113	(2,4,2,4,4,7,5,3,5)	(1,3,7,9,4,8,6,2,5)	p6.2
114	(2,4,2,4,7,3,3,7,4)	(1,3,7,9,4,2,5,8,6)	p3.1
115	(2,4,2,4,7,4,2,6,5)	(1,3,7,9,4,2,6,8,5)	p5.2
116	(2,4,2,5,3,3,4,7,6)	(1,3,7,9,5,8,2,6,4)	p7.6
117	(2,4,2,5,3,5,7,4,4)	(1,3,7,9,5,8,4,2,6)	p6.2
118	(2,4,2,5,3,7,5,2,6)	(1,3,7,9,5,8,6,2,4)	p3.1
119	(2,4,2,5,6,2,4,7,4)	(1,3,7,9,5,2,4,8,6)	p5.2
120	(2,4,2,5,6,4,2,5,6)	(1,3,7,9,5,2,6,8,4)	p7.5
121	(2,4,2,6,2,5,7,3,5)	(1,3,7,9,6,8,4,2,5)	p3.1
122	(2,4,2,6,2,6,6,2,6)	(1,3,7,9,6,8,5,2,4)	p3.1#p3.1
123	(2,4,2,6,5,2,4,6,5)	(1,3,7,9,6,2,4,8,5)	p7.5
124	(2,4,2,6,5,3,3,5,6)	(1,3,7,9,6,2,5,8,4)	p7.1
125	(2,4,2,6,7,4,3,3,5)	(1,3,7,9,6,4,8,2,5)	p7.6
126	(2,4,4,2,4,6,4,6,4)	(1,3,7,2,4,8,5,9,6)	m10.132
127	(2,4,4,2,4,7,3,5,5)	(1,3,7,2,4,8,6,9,5)	p7.2
128	(2,4,4,2,5,5,3,7,4)	(1,3,7,2,4,9,5,8,6)	p7.2
129	(2,4,4,2,5,6,2,6,5)	(1,3,7,2,4,9,6,8,5)	p7.5
130	(2,4,4,3,3,5,5,6,4)	(1,3,7,2,5,8,4,9,6)	p7.2
131	(2,4,4,3,3,7,3,4,6)	(1,3,7,2,5,8,6,9,4)	p7.3
132	(2,4,4,3,4,4,4,7,4)	(1,3,7,2,5,9,4,8,6)	p7.5
133	(2,4,4,3,4,6,2,5,6)	(1,3,7,2,5,9,6,8,4)	p7.1
134	(2,4,4,4,2,5,5,5,5)	(1,3,7,2,6,8,4,9,5)	p7.3
135	(2,4,4,4,2,6,4,4,6)	(1,3,7,2,6,8,5,9,4)	p7.1
136	(2,4,4,4,3,4,4,6,5)	(1,3,7,2,6,9,4,8,5)	p7.1
137	(2,4,4,4,3,5,3,5,6)	(1,3,7,2,6,9,5,8,4)	p10.124
138	(2,4,6,4,3,3,4,6,4)	(1,3,7,4,8,2,5,9,6)	m10.145
139	(2,4,6,4,3,4,3,5,5)	(1,3,7,4,8,2,6,9,5)	p10.161
140	(2,4,6,5,5,3,3,4,4)	(1,3,7,4,9,5,8,2,6)	p7.2
141	(2,4,7,3,3,2,5,6,4)	(1,3,7,5,8,2,4,9,6)	p7.2
142	(2,4,7,3,3,4,3,4,6)	(1,3,7,5,8,2,6,9,4)	p7.3
143	(2,4,7,4,4,4,3,4,4)	(1,3,7,5,9,4,8,2,6)	p7.5
144	(2,5,3,3,2,6,5,6,4)	(1,3,8,2,5,7,4,9,6)	p7.6
145	(2,5,3,3,4,6,7,3,3)	(1,3,8,2,5,9,6,4,7)	m8.20
146	(2,5,3,4,3,4,3,7,5)	(1,3,8,2,6,9,4,7,5)	p7.5
147	(2,5,3,4,3,5,2,6,6)	(1,3,8,2,6,9,5,7,4)	p8.19
148	(2,5,3,4,7,3,2,5,5)	(1,3,8,2,6,4,7,9,5)	p7.5
149	(2,5,5,2,5,5,2,5,5)	(1,3,8,4,6,2,7,9,5)	p7.1
150	(2,5,5,3,2,5,6,4,4)	(1,3,8,4,7,9,5,2,6)	p5.1
151	(2,5,5,3,2,6,5,3,5)	(1,3,8,4,7,9,6,2,5)	p8.19
152	(2,5,5,3,4,3,4,6,4)	(1,3,8,4,7,2,5,9,6)	p10.161
153	(2,5,5,3,4,4,3,5,5)	(1,3,8,4,7,2,6,9,5)	p10.139
154	(2,5,6,4,4,3,4,4,4)	(1,3,8,5,9,4,7,2,6)	p7.1
155	(2,5,6,6,4,3,4,3,3)	(1,3,8,5,2,6,9,4,7)	p9.44
156	(2,5,7,3,4,3,4,3,5)	(1,3,8,6,9,4,7,2,5)	p7.5
157	(2,5,7,5,3,4,4,3,3)	(1,3,8,6,2,5,9,4,7)	p3.1#a4.1
158	(2,6,4,3,4,3,3,7,4)	(1,3,9,4,7,2,5,8,6)	p7.3
159	(2,6,4,3,4,4,2,6,5)	(1,3,9,4,7,2,6,8,5)	p7.1
160	(2,6,4,3,7,3,3,4,4)	(1,3,9,4,7,5,8,2,6)	p7.3
161	(2,6,5,3,3,4,7,3,3)	(1,3,9,5,8,2,6,4,7)	p7.3
162	(2,6,5,3,5,3,4,4,4)	(1,3,9,5,8,4,7,2,6)	p10.124
163	(2,6,6,5,3,3,5,3,3)	(1,3,9,6,2,5,8,4,7)	p9.43
164	(3,3,4,3,3,4,6,6,4)	(1,4,7,2,5,8,3,9,6)	p10.140
165	(3,3,4,3,3,7,3,3,7)	(1,4,7,2,5,8,6,9,3)	p7.4
166	(3,3,4,3,4,3,5,7,4)	(1,4,7,2,5,9,3,8,6)	m9.45
167	(3,3,4,4,3,3,5,6,5)	(1,4,7,2,6,9,3,8,5)	p11.118n
168	(3,3,4,4,3,5,3,4,7)	(1,4,7,2,6,9,5,8,3)	p10.128
169	(3,3,4,6,4,3,3,5,5)	(1,4,7,2,8,3,6,9,5)	p10.161
170	(3,3,4,7,5,3,4,3,4)	(1,4,7,2,9,5,8,3,6)	m9.45
171	(3,3,5,5,3,4,3,5,5)	(1,4,7,3,8,2,6,9,5)	p10.139
172	(3,3,7,4,3,5,3,4,4)	(1,4,7,5,9,3,8,2,6)	p10.128
173	(3,4,4,4,4,3,4,6,4)	(1,4,8,3,7,2,5,9,6)	p12.591n
174	(3,4,4,4,4,4,3,5,5)	(1,4,8,3,7,2,6,9,5)	p12.242n
175	(4,4,4,4,4,4,4,4,4)	(1,5,9,4,8,3,7,2,6)	?
176	(2,2,3,7,5,7,7,6,6)	(1,3,5,8,6,2,9,7,4)	p5.2
177	(2,2,3,7,7,7,7,7,3)	(1,3,5,8,6,4,2,9,7)	m5.2
178	(2,2,4,7,4,6,7,7,6)	(1,3,5,9,7,2,8,6,4)	a6.3
179	(2,2,4,7,6,7,6,7,4)	(1,3,5,9,7,4,2,8,6)	a4.1
180	(2,2,6,6,7,3,7,6,6)	(1,3,5,2,8,6,9,7,4)	p3.1#m3.1
181	(2,2,6,6,7,7,5,7,3)	(1,3,5,2,8,6,4,9,7)	p5.2
182	(2,2,6,7,7,6,4,7,4)	(1,3,5,2,9,7,4,8,6)	a6.3
183	(2,3,2,5,7,7,7,7,5)	(1,3,6,8,4,2,9,7,5)	p3.1
184	(2,3,2,6,6,7,7,6,6)	(1,3,6,8,5,2,9,7,4)	p5.1
185	(2,3,3,7,6,7,6,6,5)	(1,3,6,9,7,4,2,8,5)	p6.1
186	(2,3,3,7,7,6,6,5,6)	(1,3,6,9,7,5,2,8,4)	m6.1
187	(2,3,5,6,5,5,7,7,5)	(1,3,6,2,8,4,9,7,5)	a6.3
188	(2,3,5,6,6,4,7,6,6)	(1,3,6,2,8,5,9,7,4)	p8.20
189	(2,3,5,7,7,6,4,6,5)	(1,3,6,2,9,7,4,8,5)	m8.20
190	(2,3,5,7,7,7,3,5,6)	(1,3,6,2,9,7,5,8,4)	p5.2
191	(2,3,7,4,3,7,7,7,5)	(1,3,6,4,8,2,9,7,5)	p3.1
192	(2,3,7,4,6,6,7,7,3)	(1,3,6,4,8,5,2,9,7)	m6.2
193	(2,3,7,5,7,4,6,6,5)	(1,3,6,4,9,7,2,8,5)	m7.6
194	(2,3,7,7,6,6,4,7,3)	(1,3,6,4,2,8,5,9,7)	m6.2
195	(2,4,2,5,6,6,7,7,6)	(1,3,7,9,5,2,8,6,4)	p6.2
196	(2,4,2,6,7,7,6,6,5)	(1,3,7,9,6,4,2,8,5)	p6.2
197	(2,4,4,6,6,4,6,7,6)	(1,3,7,2,8,5,9,6,4)	m5.2
198	(2,4,4,6,7,7,5,5,5)	(1,3,7,2,8,6,4,9,5)	a0.1
199	(2,4,4,7,5,3,7,7,6)	(1,3,7,2,9,5,8,6,4)	a0.1
200	(2,4,4,7,6,7,4,6,5)	(1,3,7,2,9,6,4,8,5)	a6.3
201	(2,4,6,4,6,6,7,6,4)	(1,3,7,4,8,5,2,9,6)	p9.42
202	(2,4,6,4,7,5,7,5,5)	(1,3,7,4,8,6,2,9,5)	m6.2
203	(2,4,6,5,5,6,6,7,4)	(1,3,7,4,9,5,2,8,6)	m3.1#a4.1
204	(2,4,6,5,6,5,6,6,5)	(1,3,7,4,9,6,2,8,5)	p9.45
205	(2,4,6,7,6,6,4,6,4)	(1,3,7,4,2,8,5,9,6)	p9.42
206	(2,4,6,7,6,7,3,5,5)	(1,3,7,4,2,8,6,9,5)	p6.1
207	(2,4,6,7,7,5,3,7,4)	(1,3,7,4,2,9,5,8,6)	p6.1
208	(2,4,6,7,7,6,2,6,5)	(1,3,7,4,2,9,6,8,5)	p6.2
209	(2,4,7,3,3,7,6,7,6)	(1,3,7,5,8,2,9,6,4)	a0.1
210	(2,4,7,3,5,7,7,6,4)	(1,3,7,5,8,4,2,9,6)	p6.1
211	(2,4,7,3,7,5,7,4,6)	(1,3,7,5,8,6,2,9,4)	m3.1
212	(2,4,7,4,2,6,7,7,6)	(1,3,7,5,9,2,8,6,4)	a6.3
213	(2,4,7,4,4,7,6,7,4)	(1,3,7,5,9,4,2,8,6)	a4.1
214	(2,4,7,4,6,5,6,5,6)	(1,3,7,5,9,6,2,8,4)	m7.5
215	(2,4,7,6,6,5,5,6,4)	(1,3,7,5,2,8,4,9,6)	m3.1#a4.1
216	(2,4,7,6,6,7,3,4,6)	(1,3,7,5,2,8,6,9,4)	m6.1
217	(2,4,7,6,7,4,4,7,4)	(1,3,7,5,2,9,4,8,6)	a4.1
218	(2,4,7,6,7,6,2,5,6)	(1,3,7,5,2,9,6,8,4)	a4.1
219	(2,5,3,4,7,5,7,7,5)	(1,3,8,2,6,4,9,7,5)	p6.2
220	(2,5,3,5,7,4,6,7,6)	(1,3,8,2,7,5,9,6,4)	p8.20
221	(2,5,3,7,6,7,3,7,5)	(1,3,8,2,9,6,4,7,5)	m3.1
222	(2,5,5,2,5,7,7,7,5)	(1,3,8,4,6,2,9,7,5)	p3.1
223	(2,5,5,3,7,6,7,6,4)	(1,3,8,4,7,5,2,9,6)	p6.1
224	(2,5,5,5,6,5,5,7,5)	(1,3,8,4,9,6,2,7,5)	m7.5
225	(2,5,5,5,7,7,6,4,4)	(1,3,8,4,9,7,5,2,6)	a0.1
226	(2,5,5,7,4,3,7,7,5)	(1,3,8,4,2,6,9,7,5)	m5.2
227	(2,5,5,7,5,7,4,6,4)	(1,3,8,4,2,7,5,9,6)	m6.2
228	(2,5,6,2,6,7,7,6,4)	(1,3,8,5,7,4,2,9,6)	p6.2
229	(2,5,6,4,6,5,5,6,6)	(1,3,8,5,9,6,2,7,4)	m10.128
230	(2,5,6,4,6,7,7,5,3)	(1,3,8,5,9,6,4,2,7)	m8.20
231	(2,5,6,4,7,4,4,7,6)	(1,3,8,5,9,7,2,6,4)	m7.5
232	(2,5,6,4,7,6,7,4,4)	(1,3,8,5,9,7,4,2,6)	a6.3
233	(2,5,6,6,4,3,7,6,6)	(1,3,8,5,2,6,9,7,4)	m7.3
234	(2,5,6,6,4,7,5,7,3)	(1,3,8,5,2,6,4,9,7)	m7.6
235	(2,5,6,6,5,2,6,7,6)	(1,3,8,5,2,7,9,6,4)	m7.4
236	(2,5,6,6,5,6,5,6,4)	(1,3,8,5,2,7,4,9,6)	p9.45
237	(2,5,6,6,7,6,7,3,3)	(1,3,8,5,2,9,6,4,7)	p6.1
238	(2,5,7,3,4,7,5,7,5)	(1,3,8,6,9,4,2,7,5)	m5.2
239	(2,5,7,3,5,6,5,6,6)	(1,3,8,6,9,5,2,7,4)	m7.3
240	(2,5,7,3,7,6,7,3,5)	(1,3,8,6,9,7,4,2,5)	m3.1
241	(2,5,7,3,7,7,6,2,6)	(1,3,8,6,9,7,5,2,4)	p3.1#m3.1
242	(2,5,7,5,2,5,7,7,5)	(1,3,8,6,2,4,9,7,5)	m5.2
243	(2,5,7,5,3,4,7,6,6)	(1,3,8,6,2,5,9,7,4)	m7.2
244	(2,5,7,5,5,6,5,5,5)	(1,3,8,6,2,7,4,9,5)	m7.5
245	(2,5,7,5,5,7,4,4,6)	(1,3,8,6,2,7,5,9,4)	m7.2
246	(2,5,7,5,7,4,3,7,5)	(1,3,8,6,2,9,4,7,5)	m5.2
247	(2,5,7,5,7,5,2,6,6)	(1,3,8,6,2,9,5,7,4)	m3.1
248	(2,5,7,7,3,4,7,5,5)	(1,3,8,6,4,7,2,9,5)	m5.2
249	(2,5,7,7,5,5,6,5,3)	(1,3,8,6,4,9,5,2,7)	a6.3
250	(2,5,7,7,5,7,4,3,5)	(1,3,8,6,4,9,7,2,5)	p6.2
251	(2,5,7,7,7,3,4,7,3)	(1,3,8,6,4,2,5,9,7)	p3.1
252	(2,6,2,6,7,7,3,7,5)	(1,3,9,2,8,6,4,7,5)	p3.1#m3.1
253	(2,6,4,3,7,6,6,7,4)	(1,3,9,4,7,5,2,8,6)	m6.1
254	(2,6,4,4,7,5,5,7,5)	(1,3,9,4,8,6,2,7,5)	m7.2
255	(2,6,4,7,5,7,3,7,4)	(1,3,9,4,2,7,5,8,6)	m3.1
256	(2,6,5,2,6,7,6,7,4)	(1,3,9,5,7,4,2,8,6)	a4.1
257	(2,6,5,3,7,5,5,6,6)	(1,3,9,5,8,6,2,7,4)	m7.3
258	(2,6,5,3,7,7,7,5,3)	(1,3,9,5,8,6,4,2,7)	p5.2
259	(2,6,5,6,5,6,4,7,4)	(1,3,9,5,2,7,4,8,6)	m7.5
260	(2,6,5,6,6,7,7,3,3)	(1,3,9,5,2,8,6,4,7)	m6.1
261	(2,6,6,2,6,6,5,6,6)	(1,3,9,6,8,5,2,7,4)	m7.4
262	(2,6,6,5,5,6,4,6,5)	(1,3,9,6,2,7,4,8,5)	m10.128
263	(2,6,6,5,5,7,3,5,6)	(1,3,9,6,2,7,5,8,4)	m7.3
264	(2,6,6,5,6,5,3,7,5)	(1,3,9,6,2,8,4,7,5)	m7.3
265	(2,6,6,7,3,4,6,6,5)	(1,3,9,6,4,7,2,8,5)	m7.3
266	(2,6,6,7,4,3,5,7,5)	(1,3,9,6,4,8,2,7,5)	m7.2
267	(2,6,6,7,4,6,6,5,3)	(1,3,9,6,4,8,5,2,7)	p8.20
268	(2,6,7,4,3,3,7,7,6)	(1,3,9,7,2,5,8,6,4)	m6.1
269	(2,6,7,4,4,7,4,6,5)	(1,3,9,7,2,6,4,8,5)	m7.5
270	(2,6,7,6,4,6,6,4,4)	(1,3,9,7,4,8,5,2,6)	m5.2
271	(2,6,7,6,4,7,5,3,5)	(1,3,9,7,4,8,6,2,5)	p8.20
272	(2,6,7,6,7,3,3,7,4)	(1,3,9,7,4,2,5,8,6)	a0.1
273	(2,6,7,7,3,3,4,7,6)	(1,3,9,7,5,8,2,6,4)	m6.1
274	(2,6,7,7,3,5,7,4,4)	(1,3,9,7,5,8,4,2,6)	a0.1
275	(3,3,4,6,6,4,6,6,7)	(1,4,7,2,8,5,9,6,3)	m9.43
276	(3,3,4,6,6,7,6,6,4)	(1,4,7,2,8,5,3,9,6)	m9.46
277	(3,3,4,6,7,3,5,7,7)	(1,4,7,2,8,6,9,5,3)	m6.2
278	(3,3,4,6,7,6,6,5,5)	(1,4,7,2,8,6,3,9,5)	p6.1
279	(3,3,4,7,5,3,7,6,7)	(1,4,7,2,9,5,8,6,3)	m6.2
280	(3,3,4,7,5,7,5,7,4)	(1,4,7,2,9,5,3,8,6)	m7.7
281	(3,3,4,7,6,6,5,6,5)	(1,4,7,2,9,6,3,8,5)	m9.44
282	(3,3,5,5,6,6,7,6,4)	(1,4,7,3,8,5,2,9,6)	p6.1
283	(3,3,5,5,7,5,7,5,5)	(1,4,7,3,8,6,2,9,5)	a4.1
284	(3,3,5,6,5,6,6,7,4)	(1,4,7,3,9,5,2,8,6)	m9.44
285	(3,3,5,6,6,5,6,6,5)	(1,4,7,3,9,6,2,8,5)	m10.140
286	(3,3,7,3,3,7,6,6,7)	(1,4,7,5,8,2,9,6,3)	m6.2
287	(3,3,7,3,7,5,7,3,7)	(1,4,7,5,8,6,2,9,3)	m3.1#m3.1
288	(3,3,7,4,6,5,6,4,7)	(1,4,7,5,9,6,2,8,3)	m8.19
289	(3,3,7,6,6,4,6,6,4)	(1,4,7,5,2,8,3,9,6)	m9.43
290	(3,3,7,6,7,3,5,7,4)	(1,4,7,5,2,9,3,8,6)	m6.2
291	(3,3,7,7,5,3,7,6,4)	(1,4,7,5,3,8,2,9,6)	m6.2
292	(3,4,3,4,3,7,7,7,7)	(1,4,8,2,6,9,7,5,3)	p3.1
293	(3,4,3,4,6,6,7,7,5)	(1,4,8,2,6,3,9,7,5)	p8.21
294	(3,4,3,5,7,4,6,6,7)	(1,4,8,2,7,5,9,6,3)	m7.6
295	(3,4,3,5,7,7,6,6,4)	(1,4,8,2,7,5,3,9,6)	p8.21
296	(3,4,3,7,6,6,4,7,5)	(1,4,8,2,9,6,3,7,5)	m7.6
297	(3,4,4,3,5,7,7,7,5)	(1,4,8,3,6,2,9,7,5)	p3.1#p3.1
298	(3,4,4,4,7,6,7,6,4)	(1,4,8,3,7,5,2,9,6)	p6.2
299	(3,4,4,6,6,5,5,7,5)	(1,4,8,3,9,6,2,7,5)	m7.2
300	(3,4,4,6,7,7,6,4,4)	(1,4,8,3,9,7,5,2,6)	p3.1
301	(3,4,6,4,6,5,5,5,7)	(1,4,8,5,9,6,2,7,3)	m10.124
302	(3,4,6,4,7,4,4,6,7)	(1,4,8,5,9,7,2,6,3)	m8.19
303	(3,4,6,6,4,3,7,5,7)	(1,4,8,5,2,6,9,7,3)	m7.1
304	(3,4,6,6,5,5,6,6,4)	(1,4,8,5,2,7,3,9,6)	m11.118n
305	(3,4,6,7,4,4,7,6,4)	(1,4,8,5,3,7,2,9,6)	m8.21
306	(3,4,6,7,6,7,4,4,4)	(1,4,8,5,3,9,7,2,6)	p6.2
307	(3,4,7,3,5,6,5,5,7)	(1,4,8,6,9,5,2,7,3)	m7.1
308	(3,4,7,3,7,4,3,7,7)	(1,4,8,6,9,7,2,5,3)	m3.1#m3.1
309	(3,4,7,5,3,4,7,5,7)	(1,4,8,6,2,5,9,7,3)	m7.5
310	(3,4,7,5,5,5,6,5,5)	(1,4,8,6,2,7,3,9,5)	m7.1
311	(3,4,7,5,5,7,4,3,7)	(1,4,8,6,2,7,5,9,3)	m7.5
312	(3,4,7,6,4,4,7,5,5)	(1,4,8,6,3,7,2,9,5)	m5.1
313	(3,4,7,6,6,7,4,3,5)	(1,4,8,6,3,9,7,2,5)	m9.42
314	(3,5,3,5,7,5,5,7,5)	(1,4,9,3,8,6,2,7,5)	p10.132
315	(3,5,5,3,7,5,5,5,7)	(1,4,9,5,8,6,2,7,3)	m7.1
316	(3,5,5,6,5,5,5,7,4)	(1,4,9,5,2,7,3,8,6)	m7.1
317	(3,5,5,7,4,4,6,7,4)	(1,4,9,5,3,7,2,8,6)	m5.1
318	(3,5,6,5,5,5,5,6,5)	(1,4,9,6,2,7,3,8,5)	m12.591n
319	(3,5,6,5,6,4,4,7,5)	(1,4,9,6,2,8,3,7,5)	m10.161
320	(3,5,6,6,4,4,6,6,5)	(1,4,9,6,3,7,2,8,5)	m10.161
321	(3,5,6,6,5,3,5,7,5)	(1,4,9,6,3,8,2,7,5)	p10.145
322	(3,5,7,4,3,7,5,7,4)	(1,4,9,7,2,5,3,8,6)	m7.5
323	(3,5,7,4,4,6,5,6,5)	(1,4,9,7,2,6,3,8,5)	m10.161
324	(3,5,7,5,5,6,6,4,4)	(1,4,9,7,3,8,5,2,6)	m7.2
325	(3,7,4,3,7,5,5,6,5)	(1,4,2,6,9,7,3,8,5)	m7.1
326	(3,7,5,5,5,6,4,6,4)	(1,4,2,7,3,8,5,9,6)	m10.124
327	(3,7,6,4,4,7,4,6,4)	(1,4,2,8,3,7,5,9,6)	m8.19
328	(4,4,4,4,7,5,5,5,7)	(1,5,9,4,8,6,2,7,3)	m7.3
329	(4,4,6,5,5,5,5,5,6)	(1,5,9,6,2,7,3,8,4)	m12.242n
330	(4,4,6,5,5,6,4,4,7)	(1,5,9,6,2,7,4,8,3)	m10.139
331	(4,4,6,5,6,4,4,6,6)	(1,5,9,6,2,8,3,7,4)	m10.139
332	(4,4,7,4,4,7,4,4,7)	(1,5,9,7,2,6,4,8,3)	m7.1
333	(5,5,5,5,5,5,5,5,5)	(1,6,2,7,3,8,4,9,5)	?
334	(2,5,7,7,7,7,7,7,5)	(1,3,8,6,4,2,9,7,5)	a0.1
335	(2,6,7,7,6,6,7,7,6)	(1,3,9,7,5,2,8,6,4)	p5.1
336	(3,4,7,5,7,7,7,7,7)	(1,4,8,6,2,9,7,5,3)	a0.1
337	(3,5,7,7,6,6,7,6,7)	(1,4,9,7,5,2,8,6,3)	p5.2
338	(3,7,6,7,3,7,7,7,7)	(1,4,2,8,6,9,7,5,3)	m3.1#m3.1
339	(3,7,6,7,6,6,7,7,5)	(1,4,2,8,6,3,9,7,5)	p5.2
340	(3,7,7,7,7,7,5,7,4)	(1,4,2,9,7,5,3,8,6)	a0.1
341	(4,4,7,6,7,6,7,6,7)	(1,5,9,7,4,2,8,6,3)	p3.1
342	(4,6,6,7,6,6,7,6,6)	(1,5,2,8,6,3,9,7,4)	m8.20
343	(4,6,6,7,7,5,7,5,7)	(1,5,2,8,6,4,9,7,3)	a6.3
344	(4,6,7,7,5,5,7,7,6)	(1,5,2,9,7,3,8,6,4)	m6.2
345	(4,6,7,7,6,4,7,6,7)	(1,5,2,9,7,4,8,6,3)	m8.21
346	(4,7,5,7,5,7,7,6,6)	(1,5,3,8,6,2,9,7,4)	a6.3
347	(5,5,6,5,5,7,7,7,7)	(1,6,2,8,4,9,7,5,3)	m5.2
348	(5,5,6,6,7,6,7,6,6)	(1,6,2,8,5,3,9,7,4)	p3.1#m3.1
349	(5,6,5,6,6,7,7,6,6)	(1,6,3,8,5,2,9,7,4)	p8.20
350	(7,7,7,7,7,7,7,7,7)	(1,8,6,4,2,9,7,5,3)	m5.1
351	(1,1,1,1,1,1,1,1,1)	(1,2,3,4,5,6,7,8,9)	a0.1
352	(1,1,1,1,1,1,2,8,2)	(1,2,3,4,5,6,7,9,8)	a0.1
353	(1,1,1,1,1,2,1,7,3)	(1,2,3,4,5,6,8,9,7)	a0.1
354	(1,1,1,1,1,3,7,1,2)	(1,2,3,4,5,6,9,7,8)	a0.1
355	(1,1,1,1,2,1,1,6,4)	(1,2,3,4,5,7,8,9,6)	a0.1
356	(1,1,1,1,2,2,6,2,2)	(1,2,3,4,5,7,9,6,8)	p3.1
357	(1,1,1,1,3,1,6,1,3)	(1,2,3,4,5,8,9,6,7)	a0.1
358	(1,1,1,1,4,6,1,1,2)	(1,2,3,4,5,9,6,7,8)	a0.1
359	(1,1,1,2,1,1,1,5,5)	(1,2,3,4,6,7,8,9,5)	a0.1
360	(1,1,1,2,1,2,5,3,2)	(1,2,3,4,6,7,9,5,8)	a0.1
361	(1,1,1,2,2,1,5,2,3)	(1,2,3,4,6,8,9,5,7)	a0.1
362	(1,1,1,2,3,5,2,1,2)	(1,2,3,4,6,9,5,7,8)	a0.1
363	(1,1,1,3,1,1,5,1,4)	(1,2,3,4,7,8,9,5,6)	a0.1
364	(1,1,1,3,2,5,1,2,2)	(1,2,3,4,7,9,5,6,8)	a0.1
365	(1,1,1,4,1,5,1,1,3)	(1,2,3,4,8,9,5,6,7)	a0.1
366	(1,1,2,1,1,2,4,4,2)	(1,2,3,5,6,7,9,4,8)	p3.1
367	(1,1,2,1,2,1,4,3,3)	(1,2,3,5,6,8,9,4,7)	a0.1
368	(1,1,2,1,3,4,3,1,2)	(1,2,3,5,6,9,4,7,8)	a0.1
369	(1,1,2,2,1,1,4,2,4)	(1,2,3,5,7,8,9,4,6)	p3.1
370	(1,1,2,2,2,4,2,2,2)	(1,2,3,5,7,9,4,6,8)	m3.1
371	(1,1,2,3,1,4,2,1,3)	(1,2,3,5,8,9,4,6,7)	a0.1
372	(1,1,3,1,2,4,1,3,2)	(1,2,3,6,7,9,4,5,8)	a0.1
373	(1,1,3,2,1,4,1,2,3)	(1,2,3,6,8,9,4,5,7)	a0.1
374	(1,1,3,3,4,1,2,1,2)	(1,2,3,6,9,4,5,7,8)	a0.1
375	(1,1,4,1,1,4,1,1,4)	(1,2,3,7,8,9,4,5,6)	a0.1
376	(1,2,1,2,2,3,3,2,2)	(1,2,4,5,7,9,3,6,8)	a0.1
377	(1,2,1,3,1,3,3,1,3)	(1,2,4,5,8,9,3,6,7)	a0.1
378	(1,2,2,1,2,3,2,3,2)	(1,2,4,6,7,9,3,5,8)	a0.1
379	(1,2,2,2,1,3,2,2,3)	(1,2,4,6,8,9,3,5,7)	p3.1
380	(1,1,1,1,1,3,8,8,3)	(1,2,3,4,5,6,9,8,7)	a0.1
381	(1,1,1,1,2,2,8,7,4)	(1,2,3,4,5,7,9,8,6)	a0.1
382	(1,1,1,1,2,8,3,8,2)	(1,2,3,4,5,7,6,9,8)	a0.1
383	(1,1,1,1,3,1,7,8,4)	(1,2,3,4,5,8,9,7,6)	a0.1
384	(1,1,1,1,3,7,3,7,3)	(1,2,3,4,5,8,6,9,7)	m3.1
385	(1,1,1,1,3,8,2,6,4)	(1,2,3,4,5,8,7,9,6)	a0.1
386	(1,1,1,1,4,6,2,8,3)	(1,2,3,4,5,9,6,8,7)	a0.1
387	(1,1,1,1,4,7,1,7,4)	(1,2,3,4,5,9,7,8,6)	a0.1
388	(1,1,1,1,4,7,8,2,2)	(1,2,3,4,5,9,7,6,8)	a0.1
389	(1,1,1,1,4,8,7,1,3)	(1,2,3,4,5,9,8,6,7)	a0.1
390	(1,1,1,2,1,2,8,6,5)	(1,2,3,4,6,7,9,8,5)	a0.1
391	(1,1,1,2,1,7,4,8,2)	(1,2,3,4,6,7,5,9,8)	a0.1
392	(1,1,1,2,2,1,7,7,5)	(1,2,3,4,6,8,9,7,5)	a0.1
393	(1,1,1,2,2,6,4,7,3)	(1,2,3,4,6,8,5,9,7)	a0.1
394	(1,1,1,2,2,8,2,5,5)	(1,2,3,4,6,8,7,9,5)	a0.1
395	(1,1,1,2,3,5,3,8,3)	(1,2,3,4,6,9,5,8,7)	a0.1
396	(1,1,1,2,3,7,1,6,5)	(1,2,3,4,6,9,7,8,5)	a0.1
397	(1,1,1,2,3,7,7,3,2)	(1,2,3,4,6,9,7,5,8)	m3.1
398	(1,1,1,2,3,8,6,2,3)	(1,2,3,4,6,9,8,5,7)	a0.1
399	(1,1,1,2,8,2,2,8,2)	(1,2,3,4,6,5,7,9,8)	a0.1
400	(1,1,1,2,8,3,1,7,3)	(1,2,3,4,6,5,8,9,7)	a0.1
401	(1,1,1,2,8,4,7,1,2)	(1,2,3,4,6,5,9,7,8)	a0.1
402	(1,1,1,3,1,1,6,8,5)	(1,2,3,4,7,8,9,6,5)	a0.1
403	(1,1,1,3,1,6,4,6,4)	(1,2,3,4,7,8,5,9,6)	a0.1
404	(1,1,1,3,1,7,3,5,5)	(1,2,3,4,7,8,6,9,5)	a0.1
405	(1,1,1,3,2,5,3,7,4)	(1,2,3,4,7,9,5,8,6)	a0.1
406	(1,1,1,3,2,6,2,6,5)	(1,2,3,4,7,9,6,8,5)	p3.1
407	(1,1,1,3,2,6,8,3,2)	(1,2,3,4,7,9,6,5,8)	a0.1
408	(1,1,1,3,2,8,6,1,4)	(1,2,3,4,7,9,8,5,6)	a0.1
409	(1,1,1,3,7,1,3,8,2)	(1,2,3,4,7,5,6,9,8)	a0.1
410	(1,1,1,3,7,3,1,6,4)	(1,2,3,4,7,5,8,9,6)	a0.1
411	(1,1,1,3,7,4,6,2,2)	(1,2,3,4,7,5,9,6,8)	a0.1
412	(1,1,1,3,8,2,1,5,5)	(1,2,3,4,7,6,8,9,5)	a0.1
413	(1,1,1,3,8,3,5,3,2)	(1,2,3,4,7,6,9,5,8)	a0.1
414	(1,1,1,4,1,5,2,8,4)	(1,2,3,4,8,9,5,7,6)	a0.1
415	(1,1,1,4,1,6,1,7,5)	(1,2,3,4,8,9,6,7,5)	a0.1
416	(1,1,1,4,1,6,8,2,3)	(1,2,3,4,8,9,6,5,7)	a0.1
417	(1,1,1,4,1,7,7,1,4)	(1,2,3,4,8,9,7,5,6)	a0.1
418	(1,1,1,4,6,1,3,7,3)	(1,2,3,4,8,5,6,9,7)	a0.1
419	(1,1,1,4,6,2,2,6,4)	(1,2,3,4,8,5,7,9,6)	p3.1
420	(1,1,1,4,6,4,6,1,3)	(1,2,3,4,8,5,9,6,7)	a0.1
421	(1,1,1,4,7,1,2,5,5)	(1,2,3,4,8,6,7,9,5)	a0.1
422	(1,1,1,4,7,3,5,2,3)	(1,2,3,4,8,6,9,5,7)	a0.1
423	(1,1,1,4,8,2,5,1,4)	(1,2,3,4,8,7,9,5,6)	a0.1
424	(1,1,1,5,5,1,2,8,3)	(1,2,3,4,9,5,6,8,7)	a0.1
425	(1,1,1,5,5,2,1,7,4)	(1,2,3,4,9,5,7,8,6)	a0.1
426	(1,1,1,5,5,2,8,2,2)	(1,2,3,4,9,5,7,6,8)	a0.1
427	(1,1,1,5,5,3,7,1,3)	(1,2,3,4,9,5,8,6,7)	a0.1
428	(1,1,1,5,6,1,1,6,5)	(1,2,3,4,9,6,7,8,5)	a0.1
429	(1,1,1,5,6,1,7,3,2)	(1,2,3,4,9,6,7,5,8)	a0.1
430	(1,1,1,5,6,2,6,2,3)	(1,2,3,4,9,6,8,5,7)	p3.1
431	(1,1,1,5,6,8,2,1,2)	(1,2,3,4,9,6,5,7,8)	a0.1
432	(1,1,1,5,7,1,6,1,4)	(1,2,3,4,9,7,8,5,6)	a0.1
433	(1,1,1,5,7,7,1,2,2)	(1,2,3,4,9,7,5,6,8)	a0.1
434	(1,1,1,5,8,6,1,1,3)	(1,2,3,4,9,8,5,6,7)	a0.1
435	(1,1,2,1,1,2,8,5,6)	(1,2,3,5,6,7,9,8,4)	a0.1
436	(1,1,2,1,1,6,5,8,2)	(1,2,3,5,6,7,4,9,8)	a0.1
437	(1,1,2,1,2,1,7,6,6)	(1,2,3,5,6,8,9,7,4)	a0.1
438	(1,1,2,1,2,5,5,7,3)	(1,2,3,5,6,8,4,9,7)	m3.1
439	(1,1,2,1,2,8,2,4,6)	(1,2,3,5,6,8,7,9,4)	a0.1
440	(1,1,2,1,3,4,4,8,3)	(1,2,3,5,6,9,4,8,7)	a0.1
441	(1,1,2,1,3,7,1,5,6)	(1,2,3,5,6,9,7,8,4)	a0.1
442	(1,1,2,1,3,7,6,4,2)	(1,2,3,5,6,9,7,4,8)	a0.1
443	(1,1,2,1,3,8,5,3,3)	(1,2,3,5,6,9,8,4,7)	a0.1
444	(1,1,2,1,7,3,2,8,2)	(1,2,3,5,6,4,7,9,8)	a0.1
445	(1,1,2,1,7,4,1,7,3)	(1,2,3,5,6,4,8,9,7)	a0.1
446	(1,1,2,1,7,5,7,1,2)	(1,2,3,5,6,4,9,7,8)	a0.1
447	(1,1,2,2,1,1,6,7,6)	(1,2,3,5,7,8,9,6,4)	a0.1
448	(1,1,2,2,1,5,5,6,4)	(1,2,3,5,7,8,4,9,6)	a0.1
449	(1,1,2,2,1,7,3,4,6)	(1,2,3,5,7,8,6,9,4)	a0.1
450	(1,1,2,2,2,4,4,7,4)	(1,2,3,5,7,9,4,8,6)	a4.1
451	(1,1,2,2,2,6,2,5,6)	(1,2,3,5,7,9,6,8,4)	p3.1
452	(1,1,2,2,2,6,7,4,2)	(1,2,3,5,7,9,6,4,8)	a4.1
453	(1,1,2,2,2,8,5,2,4)	(1,2,3,5,7,9,8,4,6)	p3.1
454	(1,1,2,2,6,2,3,8,2)	(1,2,3,5,7,4,6,9,8)	p3.1
455	(1,1,2,2,6,4,1,6,4)	(1,2,3,5,7,4,8,9,6)	p3.1
456	(1,1,2,2,6,5,6,2,2)	(1,2,3,5,7,4,9,6,8)	a4.1
457	(1,1,2,2,8,2,1,4,6)	(1,2,3,5,7,6,8,9,4)	a0.1
458	(1,1,2,2,8,3,4,4,2)	(1,2,3,5,7,6,9,4,8)	p3.1
459	(1,1,2,3,1,4,3,8,4)	(1,2,3,5,8,9,4,7,6)	a0.1
460	(1,1,2,3,1,6,1,6,6)	(1,2,3,5,8,9,6,7,4)	a0.1
461	(1,1,2,3,1,6,7,3,3)	(1,2,3,5,8,9,6,4,7)	a0.1
462	(1,1,2,3,1,7,6,2,4)	(1,2,3,5,8,9,7,4,6)	p3.1
463	(1,1,2,3,5,2,3,7,3)	(1,2,3,5,8,4,6,9,7)	p5.2
464	(1,1,2,3,5,3,2,6,4)	(1,2,3,5,8,4,7,9,6)	p5.1
465	(1,1,2,3,5,5,6,1,3)	(1,2,3,5,8,4,9,6,7)	a0.1
466	(1,1,2,3,7,1,2,4,6)	(1,2,3,5,8,6,7,9,4)	a0.1
467	(1,1,2,3,7,3,4,3,3)	(1,2,3,5,8,6,9,4,7)	p5.2
468	(1,1,2,3,8,2,4,2,4)	(1,2,3,5,8,7,9,4,6)	p3.1
469	(1,1,2,4,4,2,2,8,3)	(1,2,3,5,9,4,6,8,7)	p3.1
470	(1,1,2,4,4,3,1,7,4)	(1,2,3,5,9,4,7,8,6)	p3.1
471	(1,1,2,4,4,3,8,2,2)	(1,2,3,5,9,4,7,6,8)	p3.1
472	(1,1,2,4,4,4,7,1,3)	(1,2,3,5,9,4,8,6,7)	p3.1
473	(1,1,2,4,6,1,1,5,6)	(1,2,3,5,9,6,7,8,4)	a0.1
474	(1,1,2,4,6,1,6,4,2)	(1,2,3,5,9,6,7,4,8)	p3.1
475	(1,1,2,4,6,2,5,3,3)	(1,2,3,5,9,6,8,4,7)	p5.1
476	(1,1,2,4,6,7,3,1,2)	(1,2,3,5,9,6,4,7,8)	a0.1
477	(1,1,2,4,7,1,5,2,4)	(1,2,3,5,9,7,8,4,6)	p3.1
478	(1,1,2,4,7,6,2,2,2)	(1,2,3,5,9,7,4,6,8)	a4.1
479	(1,1,2,4,8,5,2,1,3)	(1,2,3,5,9,8,4,6,7)	a0.1
480	(1,1,2,8,2,1,2,8,2)	(1,2,3,5,4,6,7,9,8)	a0.1
481	(1,1,2,8,2,2,1,7,3)	(1,2,3,5,4,6,8,9,7)	a0.1
482	(1,1,2,8,2,3,7,1,2)	(1,2,3,5,4,6,9,7,8)	a0.1
483	(1,1,2,8,3,1,1,6,4)	(1,2,3,5,4,7,8,9,6)	a0.1
484	(1,1,2,8,3,2,6,2,2)	(1,2,3,5,4,7,9,6,8)	p3.1
485	(1,1,2,8,4,1,6,1,3)	(1,2,3,5,4,8,9,6,7)	a0.1
486	(1,1,3,1,1,5,5,5,5)	(1,2,3,6,7,8,4,9,5)	m3.1
487	(1,1,3,1,1,6,4,4,6)	(1,2,3,6,7,8,5,9,4)	a0.1
488	(1,1,3,1,2,4,4,6,5)	(1,2,3,6,7,9,4,8,5)	a0.1
489	(1,1,3,1,2,5,3,5,6)	(1,2,3,6,7,9,5,8,4)	a0.1
490	(1,1,3,1,2,5,8,4,2)	(1,2,3,6,7,9,5,4,8)	a0.1
491	(1,1,3,1,2,8,5,1,5)	(1,2,3,6,7,9,8,4,5)	a0.1
492	(1,1,3,1,6,1,4,8,2)	(1,2,3,6,7,4,5,9,8)	a0.1
493	(1,1,3,1,6,4,1,5,5)	(1,2,3,6,7,4,8,9,5)	a0.1
494	(1,1,3,1,6,5,5,3,2)	(1,2,3,6,7,4,9,5,8)	a0.1
495	(1,1,3,1,7,3,1,4,6)	(1,2,3,6,7,5,8,9,4)	a0.1
496	(1,1,3,1,7,4,4,4,2)	(1,2,3,6,7,5,9,4,8)	p3.1
497	(1,1,3,2,1,4,3,7,5)	(1,2,3,6,8,9,4,7,5)	m3.1
498	(1,1,3,2,1,5,2,6,6)	(1,2,3,6,8,9,5,7,4)	a0.1
499	(1,1,3,2,1,5,8,3,3)	(1,2,3,6,8,9,5,4,7)	a0.1
500	(1,1,3,2,1,7,6,1,5)	(1,2,3,6,8,9,7,4,5)	a0.1
501	(1,1,3,2,5,1,4,7,3)	(1,2,3,6,8,4,5,9,7)	a0.1
502	(1,1,3,2,5,3,2,5,5)	(1,2,3,6,8,4,7,9,5)	p5.2
503	(1,1,3,2,5,5,5,2,3)	(1,2,3,6,8,4,9,5,7)	p5.2
504	(1,1,3,2,6,2,2,4,6)	(1,2,3,6,8,5,7,9,4)	p3.1
505	(1,1,3,2,6,4,4,3,3)	(1,2,3,6,8,5,9,4,7)	p5.1
506	(1,1,3,2,8,2,4,1,5)	(1,2,3,6,8,7,9,4,5)	a0.1
507	(1,1,3,3,4,1,3,8,3)	(1,2,3,6,9,4,5,8,7)	a0.1
508	(1,1,3,3,4,3,1,6,5)	(1,2,3,6,9,4,7,8,5)	a0.1
509	(1,1,3,3,4,3,7,3,2)	(1,2,3,6,9,4,7,5,8)	p5.2
510	(1,1,3,3,4,4,6,2,3)	(1,2,3,6,9,4,8,5,7)	p5.1
511	(1,1,3,3,5,2,1,5,6)	(1,2,3,6,9,5,7,8,4)	a0.1
512	(1,1,3,3,5,2,6,4,2)	(1,2,3,6,9,5,7,4,8)	p5.1
513	(1,1,3,3,5,3,5,3,3)	(1,2,3,6,9,5,8,4,7)	p8.19
514	(1,1,3,3,5,8,3,1,2)	(1,2,3,6,9,5,4,7,8)	a0.1
515	(1,1,3,3,7,1,5,1,5)	(1,2,3,6,9,7,8,4,5)	a0.1
516	(1,1,3,3,7,6,1,3,2)	(1,2,3,6,9,7,4,5,8)	a0.1
517	(1,1,3,3,8,5,1,2,3)	(1,2,3,6,9,8,4,5,7)	a0.1
518	(1,1,3,7,1,2,2,8,2)	(1,2,3,6,4,5,7,9,8)	a0.1
519	(1,1,3,7,1,3,1,7,3)	(1,2,3,6,4,5,8,9,7)	a0.1
520	(1,1,3,7,1,4,7,1,2)	(1,2,3,6,4,5,9,7,8)	a0.1
521	(1,1,3,7,3,1,1,5,5)	(1,2,3,6,4,7,8,9,5)	m3.1
522	(1,1,3,7,3,2,5,3,2)	(1,2,3,6,4,7,9,5,8)	p5.2
523	(1,1,3,7,4,1,5,2,3)	(1,2,3,6,4,8,9,5,7)	a0.1
524	(1,1,3,7,5,5,2,1,2)	(1,2,3,6,4,9,5,7,8)	m3.1
525	(1,1,3,8,2,1,1,4,6)	(1,2,3,6,5,7,8,9,4)	a0.1
526	(1,1,3,8,2,2,4,4,2)	(1,2,3,6,5,7,9,4,8)	p3.1
527	(1,1,3,8,3,1,4,3,3)	(1,2,3,6,5,8,9,4,7)	a0.1
528	(1,1,3,8,4,4,3,1,2)	(1,2,3,6,5,9,4,7,8)	a0.1
529	(1,1,4,1,1,4,2,8,5)	(1,2,3,7,8,9,4,6,5)	a0.1
530	(1,1,4,1,1,5,1,7,6)	(1,2,3,7,8,9,5,6,4)	a0.1
531	(1,1,4,1,1,5,8,2,4)	(1,2,3,7,8,9,5,4,6)	a0.1
532	(1,1,4,1,1,6,7,1,5)	(1,2,3,7,8,9,6,4,5)	a0.1
533	(1,1,4,1,5,1,4,6,4)	(1,2,3,7,8,4,5,9,6)	a0.1
534	(1,1,4,1,5,2,3,5,5)	(1,2,3,7,8,4,6,9,5)	a0.1
535	(1,1,4,1,5,5,5,1,4)	(1,2,3,7,8,4,9,5,6)	a0.1
536	(1,1,4,1,6,1,3,4,6)	(1,2,3,7,8,5,6,9,4)	a0.1
537	(1,1,4,1,6,4,4,2,4)	(1,2,3,7,8,5,9,4,6)	p3.1
538	(1,1,4,1,7,3,4,1,5)	(1,2,3,7,8,6,9,4,5)	a0.1
539	(1,1,4,2,4,1,3,7,4)	(1,2,3,7,9,4,5,8,6)	a0.1
540	(1,1,4,2,4,2,2,6,5)	(1,2,3,7,9,4,6,8,5)	a4.1
541	(1,1,4,2,4,2,8,3,2)	(1,2,3,7,9,4,6,5,8)	p3.1
542	(1,1,4,2,4,4,6,1,4)	(1,2,3,7,9,4,8,5,6)	p3.1
543	(1,1,4,2,5,1,2,5,6)	(1,2,3,7,9,5,6,8,4)	a0.1
544	(1,1,4,2,5,1,7,4,2)	(1,2,3,7,9,5,6,4,8)	p3.1
545	(1,1,4,2,5,3,5,2,4)	(1,2,3,7,9,5,8,4,6)	p5.1
546	(1,1,4,2,5,8,2,2,2)	(1,2,3,7,9,5,4,6,8)	p3.1
547	(1,1,4,2,6,2,5,1,5)	(1,2,3,7,9,6,8,4,5)	p3.1
548	(1,1,4,2,6,7,1,3,2)	(1,2,3,7,9,6,4,5,8)	p3.1
549	(1,1,4,6,1,3,1,6,4)	(1,2,3,7,4,5,8,9,6)	a0.1
550	(1,1,4,6,1,4,6,2,2)	(1,2,3,7,4,5,9,6,8)	p3.1
551	(1,1,4,6,2,2,1,5,5)	(1,2,3,7,4,6,8,9,5)	a0.1
552	(1,1,4,6,2,3,5,3,2)	(1,2,3,7,4,6,9,5,8)	p5.1
553	(1,1,4,6,4,1,5,1,4)	(1,2,3,7,4,8,9,5,6)	a0.1
554	(1,1,4,6,5,5,1,2,2)	(1,2,3,7,4,9,5,6,8)	a0.1
555	(1,1,4,7,1,2,1,4,6)	(1,2,3,7,5,6,8,9,4)	a0.1
556	(1,1,4,7,1,3,4,4,2)	(1,2,3,7,5,6,9,4,8)	p3.1
557	(1,1,4,7,3,1,4,2,4)	(1,2,3,7,5,8,9,4,6)	a0.1
558	(1,1,4,7,4,4,2,2,2)	(1,2,3,7,5,9,4,6,8)	a4.1
559	(1,1,4,8,2,1,4,1,5)	(1,2,3,7,6,8,9,4,5)	a0.1
560	(1,1,4,8,3,4,1,3,2)	(1,2,3,7,6,9,4,5,8)	a0.1
561	(1,1,5,1,4,1,2,8,4)	(1,2,3,8,9,4,5,7,6)	a0.1
562	(1,1,5,1,4,2,1,7,5)	(1,2,3,8,9,4,6,7,5)	a0.1
563	(1,1,5,1,4,2,8,2,3)	(1,2,3,8,9,4,6,5,7)	a0.1
564	(1,1,5,1,4,3,7,1,4)	(1,2,3,8,9,4,7,5,6)	a0.1
565	(1,1,5,1,5,1,1,6,6)	(1,2,3,8,9,5,6,7,4)	a0.1
566	(1,1,5,1,5,1,7,3,3)	(1,2,3,8,9,5,6,4,7)	a0.1
567	(1,1,5,1,5,2,6,2,4)	(1,2,3,8,9,5,7,4,6)	p3.1
568	(1,1,5,1,5,8,2,1,3)	(1,2,3,8,9,5,4,6,7)	a0.1
569	(1,1,5,1,6,1,6,1,5)	(1,2,3,8,9,6,7,4,5)	a0.1
570	(1,1,5,1,6,7,1,2,3)	(1,2,3,8,9,6,4,5,7)	a0.1
571	(1,1,5,5,1,2,2,6,4)	(1,2,3,8,4,5,7,9,6)	a0.1
572	(1,1,5,5,1,4,6,1,3)	(1,2,3,8,4,5,9,6,7)	a0.1
573	(1,1,5,5,2,1,2,5,5)	(1,2,3,8,4,6,7,9,5)	m3.1
574	(1,1,5,5,2,3,5,2,3)	(1,2,3,8,4,6,9,5,7)	p5.2
575	(1,1,5,5,3,2,5,1,4)	(1,2,3,8,4,7,9,5,6)	a0.1
576	(1,1,5,6,1,3,4,3,3)	(1,2,3,8,5,6,9,4,7)	a0.1
577	(1,1,5,6,2,2,4,2,4)	(1,2,3,8,5,7,9,4,6)	a4.1
578	(1,1,5,6,4,4,2,1,3)	(1,2,3,8,5,9,4,6,7)	a0.1
579	(1,1,5,7,1,2,4,1,5)	(1,2,3,8,6,7,9,4,5)	a0.1
580	(1,1,5,7,3,4,1,2,3)	(1,2,3,8,6,9,4,5,7)	m3.1
581	(1,1,6,4,1,2,1,7,4)	(1,2,3,9,4,5,7,8,6)	a0.1
582	(1,1,6,4,1,2,8,2,2)	(1,2,3,9,4,5,7,6,8)	a0.1
583	(1,1,6,4,1,3,7,1,3)	(1,2,3,9,4,5,8,6,7)	a0.1
584	(1,1,6,4,2,1,1,6,5)	(1,2,3,9,4,6,7,8,5)	a0.1
585	(1,1,6,4,2,1,7,3,2)	(1,2,3,9,4,6,7,5,8)	a0.1
586	(1,1,6,4,2,2,6,2,3)	(1,2,3,9,4,6,8,5,7)	p3.1
587	(1,1,6,4,2,8,2,1,2)	(1,2,3,9,4,6,5,7,8)	a0.1
588	(1,1,6,4,3,1,6,1,4)	(1,2,3,9,4,7,8,5,6)	a0.1
589	(1,1,6,4,3,7,1,2,2)	(1,2,3,9,4,7,5,6,8)	a0.1
590	(1,1,6,5,1,2,5,3,3)	(1,2,3,9,5,6,8,4,7)	a0.1
591	(1,1,6,5,1,7,3,1,2)	(1,2,3,9,5,6,4,7,8)	a0.1
592	(1,1,6,5,2,1,5,2,4)	(1,2,3,9,5,7,8,4,6)	a0.1
593	(1,1,6,5,2,6,2,2,2)	(1,2,3,9,5,7,4,6,8)	p3.1
594	(1,1,6,5,3,5,2,1,3)	(1,2,3,9,5,8,4,6,7)	a0.1
595	(1,1,6,6,1,6,1,3,2)	(1,2,3,9,6,7,4,5,8)	a0.1
596	(1,1,6,6,2,5,1,2,3)	(1,2,3,9,6,8,4,5,7)	a0.1
597	(1,1,6,6,7,1,2,1,2)	(1,2,3,9,6,4,5,7,8)	a0.1
598	(1,2,1,2,1,4,6,6,4)	(1,2,4,5,7,8,3,9,6)	a0.1
599	(1,2,1,2,1,7,3,3,7)	(1,2,4,5,7,8,6,9,3)	a0.1
600	(1,2,1,2,2,3,5,7,4)	(1,2,4,5,7,9,3,8,6)	a0.1
601	(1,2,1,2,2,6,2,4,7)	(1,2,4,5,7,9,6,8,3)	p3.1
602	(1,2,1,2,2,6,6,5,2)	(1,2,4,5,7,9,6,3,8)	a0.1
603	(1,2,1,2,2,8,4,3,4)	(1,2,4,5,7,9,8,3,6)	a0.1
604	(1,2,1,2,5,3,3,8,2)	(1,2,4,5,7,3,6,9,8)	a0.1
605	(1,2,1,2,5,5,1,6,4)	(1,2,4,5,7,3,8,9,6)	a0.1
606	(1,2,1,2,5,6,6,2,2)	(1,2,4,5,7,3,9,6,8)	a0.1
607	(1,2,1,2,8,2,1,3,7)	(1,2,4,5,7,6,8,9,3)	a0.1
608	(1,2,1,2,8,3,3,5,2)	(1,2,4,5,7,6,9,3,8)	a0.1
609	(1,2,1,3,1,3,4,8,4)	(1,2,4,5,8,9,3,7,6)	a0.1
610	(1,2,1,3,1,6,1,5,7)	(1,2,4,5,8,9,6,7,3)	a0.1
611	(1,2,1,3,1,6,6,4,3)	(1,2,4,5,8,9,6,3,7)	a0.1
612	(1,2,1,3,1,7,5,3,4)	(1,2,4,5,8,9,7,3,6)	a0.1
613	(1,2,1,3,4,3,3,7,3)	(1,2,4,5,8,3,6,9,7)	a0.1
614	(1,2,1,3,4,4,2,6,4)	(1,2,4,5,8,3,7,9,6)	p3.1
615	(1,2,1,3,4,6,6,1,3)	(1,2,4,5,8,3,9,6,7)	a0.1
616	(1,2,1,3,7,1,2,3,7)	(1,2,4,5,8,6,7,9,3)	a0.1
617	(1,2,1,3,7,3,3,4,3)	(1,2,4,5,8,6,9,3,7)	a0.1
618	(1,2,1,3,8,2,3,3,4)	(1,2,4,5,8,7,9,3,6)	a0.1
619	(1,2,1,4,3,3,2,8,3)	(1,2,4,5,9,3,6,8,7)	a0.1
620	(1,2,1,4,3,4,1,7,4)	(1,2,4,5,9,3,7,8,6)	a0.1
621	(1,2,1,4,3,4,8,2,2)	(1,2,4,5,9,3,7,6,8)	a0.1
622	(1,2,1,4,3,5,7,1,3)	(1,2,4,5,9,3,8,6,7)	a0.1
623	(1,2,1,4,6,1,5,5,2)	(1,2,4,5,9,6,7,3,8)	a0.1
624	(1,2,1,4,6,2,4,4,3)	(1,2,4,5,9,6,8,3,7)	p3.1
625	(1,2,1,4,7,1,4,3,4)	(1,2,4,5,9,7,8,3,6)	a0.1
626	(1,2,1,4,7,5,3,2,2)	(1,2,4,5,9,7,3,6,8)	a0.1
627	(1,2,1,4,8,4,3,1,3)	(1,2,4,5,9,8,3,6,7)	a0.1
628	(1,2,1,7,3,1,2,8,2)	(1,2,4,5,3,6,7,9,8)	a0.1
629	(1,2,1,7,3,2,1,7,3)	(1,2,4,5,3,6,8,9,7)	a0.1
630	(1,2,1,7,4,2,6,2,2)	(1,2,4,5,3,7,9,6,8)	p3.1
631	(1,2,1,7,5,1,6,1,3)	(1,2,4,5,3,8,9,6,7)	a0.1
632	(1,2,2,1,2,3,5,6,5)	(1,2,4,6,7,9,3,8,5)	a0.1
633	(1,2,2,1,2,5,3,4,7)	(1,2,4,6,7,9,5,8,3)	a0.1
634	(1,2,2,1,2,5,7,5,2)	(1,2,4,6,7,9,5,3,8)	m3.1
635	(1,2,2,1,2,8,4,2,5)	(1,2,4,6,7,9,8,3,5)	a0.1
636	(1,2,2,1,5,2,4,8,2)	(1,2,4,6,7,3,5,9,8)	a0.1
637	(1,2,2,1,5,5,1,5,5)	(1,2,4,6,7,3,8,9,5)	a0.1
638	(1,2,2,1,5,6,5,3,2)	(1,2,4,6,7,3,9,5,8)	a0.1
639	(1,2,2,1,7,3,1,3,7)	(1,2,4,6,7,5,8,9,3)	a0.1
640	(1,2,2,1,7,4,3,5,2)	(1,2,4,6,7,5,9,3,8)	a0.1
641	(1,2,2,2,1,3,4,7,5)	(1,2,4,6,8,9,3,7,5)	a0.1
642	(1,2,2,2,1,5,2,5,7)	(1,2,4,6,8,9,5,7,3)	a0.1
643	(1,2,2,2,1,5,7,4,3)	(1,2,4,6,8,9,5,3,7)	a0.1
644	(1,2,2,2,1,7,5,2,5)	(1,2,4,6,8,9,7,3,5)	a0.1
645	(1,2,2,2,4,2,4,7,3)	(1,2,4,6,8,3,5,9,7)	a4.1
646	(1,2,2,2,4,4,2,5,5)	(1,2,4,6,8,3,7,9,5)	p3.1
647	(1,2,2,2,4,6,5,2,3)	(1,2,4,6,8,3,9,5,7)	p3.1
648	(1,2,2,2,6,2,2,3,7)	(1,2,4,6,8,5,7,9,3)	p3.1
649	(1,2,2,2,6,4,3,4,3)	(1,2,4,6,8,5,9,3,7)	p3.1
650	(1,2,2,2,8,2,3,2,5)	(1,2,4,6,8,7,9,3,5)	a0.1
651	(1,2,2,3,3,2,3,8,3)	(1,2,4,6,9,3,5,8,7)	a0.1
652	(1,2,2,3,3,4,1,6,5)	(1,2,4,6,9,3,7,8,5)	a0.1
653	(1,2,2,3,3,4,7,3,2)	(1,2,4,6,9,3,7,5,8)	a0.1
654	(1,2,2,3,3,5,6,2,3)	(1,2,4,6,9,3,8,5,7)	p3.1
655	(1,2,2,3,5,2,1,4,7)	(1,2,4,6,9,5,7,8,3)	a0.1
656	(1,2,2,3,5,2,5,5,2)	(1,2,4,6,9,5,7,3,8)	p5.2
657	(1,2,2,3,5,3,4,4,3)	(1,2,4,6,9,5,8,3,7)	p5.1
658	(1,2,2,3,7,1,4,2,5)	(1,2,4,6,9,7,8,3,5)	a0.1
659	(1,2,2,3,7,5,2,3,2)	(1,2,4,6,9,7,3,5,8)	p5.2
660	(1,2,2,3,8,4,2,2,3)	(1,2,4,6,9,8,3,5,7)	p3.1
661	(1,2,2,6,2,2,2,8,2)	(1,2,4,6,3,5,7,9,8)	p3.1
662	(1,2,2,6,2,3,1,7,3)	(1,2,4,6,3,5,8,9,7)	p3.1
663	(1,2,2,6,4,2,5,3,2)	(1,2,4,6,3,7,9,5,8)	p5.1
664	(1,2,2,6,5,1,5,2,3)	(1,2,4,6,3,8,9,5,7)	p3.1
665	(1,2,2,8,2,2,3,5,2)	(1,2,4,6,5,7,9,3,8)	a0.1
666	(1,2,2,8,3,1,3,4,3)	(1,2,4,6,5,8,9,3,7)	a0.1
667	(1,2,3,1,4,2,4,6,4)	(1,2,4,7,8,3,5,9,6)	a0.1
668	(1,2,3,1,4,3,3,5,5)	(1,2,4,7,8,3,6,9,5)	a0.1
669	(1,2,3,1,4,6,5,1,4)	(1,2,4,7,8,3,9,5,6)	a0.1
670	(1,2,3,1,6,1,3,3,7)	(1,2,4,7,8,5,6,9,3)	a0.1
671	(1,2,3,1,6,4,3,3,4)	(1,2,4,7,8,5,9,3,6)	a0.1
672	(1,2,3,1,7,3,3,2,5)	(1,2,4,7,8,6,9,3,5)	a0.1
673	(1,2,3,2,3,2,3,7,4)	(1,2,4,7,9,3,5,8,6)	m3.1
674	(1,2,3,2,3,3,2,6,5)	(1,2,4,7,9,3,6,8,5)	a0.1
675	(1,2,3,2,3,3,8,3,2)	(1,2,4,7,9,3,6,5,8)	a0.1
676	(1,2,3,2,3,5,6,1,4)	(1,2,4,7,9,3,8,5,6)	a0.1
677	(1,2,3,2,5,1,2,4,7)	(1,2,4,7,9,5,6,8,3)	a0.1
678	(1,2,3,2,5,1,6,5,2)	(1,2,4,7,9,5,6,3,8)	a0.1
679	(1,2,3,2,5,3,4,3,4)	(1,2,4,7,9,5,8,3,6)	p5.2
680	(1,2,3,2,5,7,3,2,2)	(1,2,4,7,9,5,3,6,8)	p5.2
681	(1,2,3,2,6,2,4,2,5)	(1,2,4,7,9,6,8,3,5)	p3.1
682	(1,2,3,2,6,6,2,3,2)	(1,2,4,7,9,6,3,5,8)	p5.1
683	(1,2,3,2,8,4,2,1,4)	(1,2,4,7,9,8,3,5,6)	a0.1
684	(1,2,3,5,2,1,3,8,2)	(1,2,4,7,3,5,6,9,8)	a0.1
685	(1,2,3,5,2,3,1,6,4)	(1,2,4,7,3,5,8,9,6)	a0.1
686	(1,2,3,5,2,4,6,2,2)	(1,2,4,7,3,5,9,6,8)	p5.1
687	(1,2,3,5,3,2,1,5,5)	(1,2,4,7,3,6,8,9,5)	a0.1
688	(1,2,3,5,3,3,5,3,2)	(1,2,4,7,3,6,9,5,8)	p8.19
689	(1,2,3,5,5,1,5,1,4)	(1,2,4,7,3,8,9,5,6)	a0.1
690	(1,2,3,7,1,3,3,5,2)	(1,2,4,7,5,6,9,3,8)	a0.1
691	(1,2,3,7,3,1,3,3,4)	(1,2,4,7,5,8,9,3,6)	m3.1
692	(1,2,3,7,4,3,3,2,2)	(1,2,4,7,5,9,3,6,8)	a0.1
693	(1,2,3,8,2,1,3,2,5)	(1,2,4,7,6,8,9,3,5)	a0.1
694	(1,2,3,8,3,3,2,3,2)	(1,2,4,7,6,9,3,5,8)	a0.1
695	(1,2,4,1,3,2,2,8,4)	(1,2,4,8,9,3,5,7,6)	a0.1
696	(1,2,4,1,3,3,1,7,5)	(1,2,4,8,9,3,6,7,5)	a0.1
697	(1,2,4,1,3,3,8,2,3)	(1,2,4,8,9,3,6,5,7)	a0.1
698	(1,2,4,1,3,4,7,1,4)	(1,2,4,8,9,3,7,5,6)	a0.1
699	(1,2,4,1,5,1,6,4,3)	(1,2,4,8,9,5,6,3,7)	a0.1
700	(1,2,4,1,5,2,5,3,4)	(1,2,4,8,9,5,7,3,6)	a0.1
701	(1,2,4,1,5,7,3,1,3)	(1,2,4,8,9,5,3,6,7)	a0.1
702	(1,2,4,1,6,1,5,2,5)	(1,2,4,8,9,6,7,3,5)	a0.1
703	(1,2,4,1,6,6,2,2,3)	(1,2,4,8,9,6,3,5,7)	p3.1
704	(1,2,4,1,7,5,2,1,4)	(1,2,4,8,9,7,3,5,6)	a0.1
705	(1,2,4,4,2,1,3,7,3)	(1,2,4,8,3,5,6,9,7)	a0.1
706	(1,2,4,4,2,2,2,6,4)	(1,2,4,8,3,5,7,9,6)	a4.1
707	(1,2,4,4,2,4,6,1,3)	(1,2,4,8,3,5,9,6,7)	p3.1
708	(1,2,4,4,3,1,2,5,5)	(1,2,4,8,3,6,7,9,5)	a0.1
709	(1,2,4,4,3,3,5,2,3)	(1,2,4,8,3,6,9,5,7)	p5.1
710	(1,2,4,4,4,2,5,1,4)	(1,2,4,8,3,7,9,5,6)	p3.1
711	(1,2,4,6,1,3,3,4,3)	(1,2,4,8,5,6,9,3,7)	a0.1
712	(1,2,4,6,2,2,3,3,4)	(1,2,4,8,5,7,9,3,6)	a0.1
713	(1,2,4,6,4,3,3,1,3)	(1,2,4,8,5,9,3,6,7)	a0.1
714	(1,2,4,7,3,3,2,2,3)	(1,2,4,8,6,9,3,5,7)	a0.1
715	(1,2,4,8,2,3,2,1,4)	(1,2,4,8,7,9,3,5,6)	a0.1
716	(1,2,5,3,2,1,2,8,3)	(1,2,4,9,3,5,6,8,7)	a0.1
717	(1,2,5,3,2,2,1,7,4)	(1,2,4,9,3,5,7,8,6)	a0.1
718	(1,2,5,3,2,2,8,2,2)	(1,2,4,9,3,5,7,6,8)	a0.1
719	(1,2,5,3,2,3,7,1,3)	(1,2,4,9,3,5,8,6,7)	a0.1
720	(1,2,5,3,3,1,7,3,2)	(1,2,4,9,3,6,7,5,8)	a0.1
721	(1,2,5,3,3,2,6,2,3)	(1,2,4,9,3,6,8,5,7)	p3.1
722	(1,2,5,3,4,1,6,1,4)	(1,2,4,9,3,7,8,5,6)	a0.1
723	(1,2,5,5,2,1,4,3,4)	(1,2,4,9,5,7,8,3,6)	m3.1
724	(1,2,5,5,2,5,3,2,2)	(1,2,4,9,5,7,3,6,8)	p5.2
725	(1,2,5,5,3,4,3,1,3)	(1,2,4,9,5,8,3,6,7)	a0.1
726	(1,2,5,6,1,5,2,3,2)	(1,2,4,9,6,7,3,5,8)	a0.1
727	(1,2,5,6,2,4,2,2,3)	(1,2,4,9,6,8,3,5,7)	a4.1
728	(1,2,5,7,1,4,2,1,4)	(1,2,4,9,7,8,3,5,6)	a0.1
729	(1,2,8,2,2,2,6,2,2)	(1,2,4,3,5,7,9,6,8)	p3.1
730	(1,2,8,2,3,1,6,1,3)	(1,2,4,3,5,8,9,6,7)	a0.1
731	(1,2,8,3,2,1,5,2,3)	(1,2,4,3,6,8,9,5,7)	a0.1
732	(1,3,1,3,3,1,4,8,3)	(1,2,5,6,9,3,4,8,7)	a0.1
733	(1,3,1,3,3,4,1,5,6)	(1,2,5,6,9,3,7,8,4)	a0.1
734	(1,3,1,3,3,4,6,4,2)	(1,2,5,6,9,3,7,4,8)	a0.1
735	(1,3,1,3,3,5,5,3,3)	(1,2,5,6,9,3,8,4,7)	a0.1
736	(1,3,1,3,4,3,1,4,7)	(1,2,5,6,9,4,7,8,3)	a0.1
737	(1,3,1,3,4,3,5,5,2)	(1,2,5,6,9,4,7,3,8)	a0.1
738	(1,3,1,3,4,4,4,4,3)	(1,2,5,6,9,4,8,3,7)	p3.1
739	(1,3,1,3,7,1,4,1,6)	(1,2,5,6,9,7,8,3,4)	a0.1
740	(1,3,1,3,7,5,1,4,2)	(1,2,5,6,9,7,3,4,8)	a0.1
741	(1,3,1,3,8,4,1,3,3)	(1,2,5,6,9,8,3,4,7)	a0.1
742	(1,3,1,6,1,3,2,8,2)	(1,2,5,6,3,4,7,9,8)	a0.1
743	(1,3,1,6,1,4,1,7,3)	(1,2,5,6,3,4,8,9,7)	a0.1
744	(1,3,1,6,4,2,4,4,2)	(1,2,5,6,3,7,9,4,8)	p3.1
745	(1,3,1,6,5,1,4,3,3)	(1,2,5,6,3,8,9,4,7)	a0.1
746	(1,3,1,7,3,2,3,5,2)	(1,2,5,6,4,7,9,3,8)	a0.1
747	(1,3,1,7,4,1,3,4,3)	(1,2,5,6,4,8,9,3,7)	a0.1
748	(1,3,2,1,4,1,5,6,4)	(1,2,5,7,8,3,4,9,6)	a0.1
749	(1,3,2,1,4,3,3,4,6)	(1,2,5,7,8,3,6,9,4)	a0.1
750	(1,3,2,1,4,6,4,2,4)	(1,2,5,7,8,3,9,4,6)	a0.1
751	(1,3,2,1,5,2,3,3,7)	(1,2,5,7,8,4,6,9,3)	a0.1
752	(1,3,2,1,5,5,3,3,4)	(1,2,5,7,8,4,9,3,6)	a0.1
753	(1,3,2,1,7,3,3,1,6)	(1,2,5,7,8,6,9,3,4)	a0.1
754	(1,3,2,2,3,1,4,7,4)	(1,2,5,7,9,3,4,8,6)	a0.1
755	(1,3,2,2,3,3,2,5,6)	(1,2,5,7,9,3,6,8,4)	a0.1
756	(1,3,2,2,3,3,7,4,2)	(1,2,5,7,9,3,6,4,8)	a0.1
757	(1,3,2,2,3,5,5,2,4)	(1,2,5,7,9,3,8,4,6)	a0.1
758	(1,3,2,2,4,2,2,4,7)	(1,2,5,7,9,4,6,8,3)	m3.1
759	(1,3,2,2,4,2,6,5,2)	(1,2,5,7,9,4,6,3,8)	a4.1
760	(1,3,2,2,4,4,4,3,4)	(1,2,5,7,9,4,8,3,6)	p3.1
761	(1,3,2,2,4,8,3,2,2)	(1,2,5,7,9,4,3,6,8)	p3.1
762	(1,3,2,2,6,2,4,1,6)	(1,2,5,7,9,6,8,3,4)	p3.1
763	(1,3,2,2,6,6,1,4,2)	(1,2,5,7,9,6,3,4,8)	p3.1
764	(1,3,2,5,1,4,1,6,4)	(1,2,5,7,3,4,8,9,6)	a0.1
765	(1,3,2,5,1,5,6,2,2)	(1,2,5,7,3,4,9,6,8)	p3.1
766	(1,3,2,5,3,2,1,4,6)	(1,2,5,7,3,6,8,9,4)	a0.1
767	(1,3,2,5,3,3,4,4,2)	(1,2,5,7,3,6,9,4,8)	p5.1
768	(1,3,2,5,5,1,4,2,4)	(1,2,5,7,3,8,9,4,6)	a0.1
769	(1,3,2,5,6,4,2,2,2)	(1,2,5,7,3,9,4,6,8)	p3.1
770	(1,3,2,6,2,2,1,3,7)	(1,2,5,7,4,6,8,9,3)	p3.1
771	(1,3,2,6,2,3,3,5,2)	(1,2,5,7,4,6,9,3,8)	p3.1
772	(1,3,2,6,4,1,3,3,4)	(1,2,5,7,4,8,9,3,6)	a0.1
773	(1,3,2,6,5,3,3,2,2)	(1,2,5,7,4,9,3,6,8)	p3.1
774	(1,3,2,8,3,3,1,4,2)	(1,2,5,7,6,9,3,4,8)	a0.1
775	(1,3,3,1,3,3,1,6,6)	(1,2,5,8,9,3,6,7,4)	a0.1
776	(1,3,3,1,3,3,7,3,3)	(1,2,5,8,9,3,6,4,7)	m3.1
777	(1,3,3,1,3,4,6,2,4)	(1,2,5,8,9,3,7,4,6)	a0.1
778	(1,3,3,1,4,2,1,5,7)	(1,2,5,8,9,4,6,7,3)	a0.1
779	(1,3,3,1,4,2,6,4,3)	(1,2,5,8,9,4,6,3,7)	a0.1
780	(1,3,3,1,4,3,5,3,4)	(1,2,5,8,9,4,7,3,6)	a0.1
781	(1,3,3,1,6,1,5,1,6)	(1,2,5,8,9,6,7,3,4)	a0.1
782	(1,3,3,4,3,3,4,3,3)	(1,2,5,8,3,6,9,4,7)	p5.2
783	(1,3,3,4,4,2,4,2,4)	(1,2,5,8,3,7,9,4,6)	p3.1
784	(1,3,3,5,2,3,3,4,3)	(1,2,5,8,4,6,9,3,7)	a0.1
785	(1,3,3,5,3,2,3,3,4)	(1,2,5,8,4,7,9,3,6)	a0.1
786	(1,3,4,3,1,3,8,2,2)	(1,2,5,9,3,4,7,6,8)	a0.1
787	(1,3,4,3,3,1,6,4,2)	(1,2,5,9,3,6,7,4,8)	a0.1
788	(1,3,4,3,3,2,5,3,3)	(1,2,5,9,3,6,8,4,7)	a0.1
789	(1,3,4,3,4,1,5,2,4)	(1,2,5,9,3,7,8,4,6)	a0.1
790	(1,3,4,3,4,6,2,2,2)	(1,2,5,9,3,7,4,6,8)	p3.1
791	(1,3,4,4,2,1,5,5,2)	(1,2,5,9,4,6,7,3,8)	a0.1
792	(1,3,4,4,2,2,4,4,3)	(1,2,5,9,4,6,8,3,7)	a4.1
793	(1,3,4,4,3,1,4,3,4)	(1,2,5,9,4,7,8,3,6)	a0.1
794	(1,3,4,4,3,5,3,2,2)	(1,2,5,9,4,7,3,6,8)	p5.1
795	(1,3,4,6,1,5,1,4,2)	(1,2,5,9,6,7,3,4,8)	a0.1
796	(1,3,7,3,2,1,4,3,3)	(1,2,5,3,6,8,9,4,7)	m3.1
797	(1,3,7,4,2,4,2,2,2)	(1,2,5,3,7,9,4,6,8)	a4.1
798	(1,3,8,3,2,3,3,2,2)	(1,2,5,4,7,9,3,6,8)	a0.1
799	(1,4,1,5,1,4,1,5,5)	(1,2,6,7,3,4,8,9,5)	a0.1
800	(1,4,1,5,1,5,5,3,2)	(1,2,6,7,3,4,9,5,8)	a0.1
801	(1,4,1,5,2,3,1,4,6)	(1,2,6,7,3,5,8,9,4)	a0.1
802	(1,4,1,5,2,4,4,4,2)	(1,2,6,7,3,5,9,4,8)	p3.1
803	(1,4,1,6,1,4,3,5,2)	(1,2,6,7,4,5,9,3,8)	a0.1
804	(1,4,1,6,5,3,2,3,2)	(1,2,6,7,4,9,3,5,8)	a0.1
805	(1,4,1,7,4,3,1,4,2)	(1,2,6,7,5,9,3,4,8)	a0.1
806	(1,4,2,1,4,3,5,2,5)	(1,2,6,8,9,4,7,3,5)	a0.1
807	(1,4,2,1,4,8,2,2,3)	(1,2,6,8,9,4,3,5,7)	a0.1
808	(1,4,2,1,5,2,5,1,6)	(1,2,6,8,9,5,7,3,4)	a0.1
809	(1,4,2,4,1,5,5,2,3)	(1,2,6,8,3,4,9,5,7)	a0.1
810	(1,4,2,4,2,2,2,4,6)	(1,2,6,8,3,5,7,9,4)	m3.1
811	(1,4,2,4,2,4,4,3,3)	(1,2,6,8,3,5,9,4,7)	p3.1
812	(1,4,2,4,4,2,4,1,5)	(1,2,6,8,3,7,9,4,5)	p3.1
813	(1,4,2,5,1,4,3,4,3)	(1,2,6,8,4,5,9,3,7)	a0.1
814	(1,4,2,5,3,2,3,2,5)	(1,2,6,8,4,7,9,3,5)	a0.1
815	(1,4,2,5,5,3,2,2,3)	(1,2,6,8,4,9,3,5,7)	a0.1
816	(1,4,2,6,2,2,3,1,6)	(1,2,6,8,5,7,9,3,4)	p3.1
817	(1,4,3,3,1,4,6,2,3)	(1,2,6,9,3,4,8,5,7)	a0.1
818	(1,4,3,3,2,2,1,5,6)	(1,2,6,9,3,5,7,8,4)	a0.1
819	(1,4,3,3,2,2,6,4,2)	(1,2,6,9,3,5,7,4,8)	a0.1
820	(1,4,3,3,2,3,5,3,3)	(1,2,6,9,3,5,8,4,7)	a0.1
821	(1,4,3,3,4,1,5,1,5)	(1,2,6,9,3,7,8,4,5)	a0.1
822	(1,4,3,4,3,5,2,3,2)	(1,2,6,9,4,7,3,5,8)	p5.2
823	(1,4,3,4,4,4,2,2,3)	(1,2,6,9,4,8,3,5,7)	p3.1
824	(1,4,6,2,2,2,4,4,2)	(1,2,6,3,5,7,9,4,8)	a4.1
825	(1,4,7,3,2,3,2,3,2)	(1,2,6,4,7,9,3,5,8)	m3.1
826	(1,5,1,5,2,3,3,2,5)	(1,2,7,8,4,6,9,3,5)	a0.1
827	(1,5,2,3,2,1,7,4,2)	(1,2,7,9,3,5,6,4,8)	a0.1
828	(1,5,2,3,2,3,5,2,4)	(1,2,7,9,3,5,8,4,6)	a0.1
829	(1,5,2,3,2,8,2,2,2)	(1,2,7,9,3,5,4,6,8)	a0.1
830	(1,5,2,4,1,7,3,2,2)	(1,2,7,9,4,5,3,6,8)	a0.1
831	(1,5,2,4,2,2,4,2,5)	(1,2,7,9,4,6,8,3,5)	m3.1
832	(1,5,2,4,2,6,2,3,2)	(1,2,7,9,4,6,3,5,8)	p3.1
833	(1,5,5,2,4,4,2,2,2)	(1,2,7,3,5,9,4,6,8)	p3.1
834	(1,5,6,2,3,3,2,3,2)	(1,2,7,4,6,9,3,5,8)	a0.1
835	(1,6,4,2,2,2,4,2,4)	(1,2,8,3,5,7,9,4,6)	m3.1
836	(1,6,5,2,3,3,2,2,3)	(1,2,8,4,6,9,3,5,7)	a0.1
837	(1,7,3,2,2,6,2,2,2)	(1,2,9,3,5,7,4,6,8)	p3.1
838	(1,7,4,2,2,4,2,2,3)	(1,2,9,4,6,8,3,5,7)	m3.1
839	(2,2,2,2,4,2,2,3,8)	(1,3,5,7,9,4,6,8,2)	m3.1
840	(2,2,2,2,8,3,2,2,4)	(1,3,5,7,9,8,2,4,6)	m3.1
841	(1,1,1,1,4,8,8,8,4)	(1,2,3,4,5,9,8,7,6)	a0.1
842	(1,1,1,2,3,8,8,7,5)	(1,2,3,4,6,9,8,7,5)	a0.1
843	(1,1,1,2,8,4,8,8,3)	(1,2,3,4,6,5,9,8,7)	a0.1
844	(1,1,1,3,2,8,7,8,5)	(1,2,3,4,7,9,8,6,5)	a0.1
845	(1,1,1,3,7,4,8,7,4)	(1,2,3,4,7,5,9,8,6)	a0.1
846	(1,1,1,3,8,3,8,6,5)	(1,2,3,4,7,6,9,8,5)	a0.1
847	(1,1,1,3,8,8,4,8,2)	(1,2,3,4,7,6,5,9,8)	a0.1
848	(1,1,1,4,1,7,8,8,5)	(1,2,3,4,8,9,7,6,5)	a0.1
849	(1,1,1,4,6,4,7,8,4)	(1,2,3,4,8,5,9,7,6)	a0.1
850	(1,1,1,4,7,3,7,7,5)	(1,2,3,4,8,6,9,7,5)	m3.1
851	(1,1,1,4,7,8,4,7,3)	(1,2,3,4,8,6,5,9,7)	a0.1
852	(1,1,1,4,8,2,6,8,5)	(1,2,3,4,8,7,9,6,5)	a0.1
853	(1,1,1,4,8,7,4,6,4)	(1,2,3,4,8,7,5,9,6)	a0.1
854	(1,1,1,4,8,8,3,5,5)	(1,2,3,4,8,7,6,9,5)	a0.1
855	(1,1,1,5,5,3,8,8,4)	(1,2,3,4,9,5,8,7,6)	a0.1
856	(1,1,1,5,6,2,8,7,5)	(1,2,3,4,9,6,8,7,5)	a0.1
857	(1,1,1,5,6,8,3,8,3)	(1,2,3,4,9,6,5,8,7)	a0.1
858	(1,1,1,5,7,1,7,8,5)	(1,2,3,4,9,7,8,6,5)	a0.1
859	(1,1,1,5,7,7,3,7,4)	(1,2,3,4,9,7,5,8,6)	m3.1
860	(1,1,1,5,7,8,2,6,5)	(1,2,3,4,9,7,6,8,5)	a0.1
861	(1,1,1,5,7,8,8,3,2)	(1,2,3,4,9,7,6,5,8)	a0.1
862	(1,1,1,5,8,6,2,8,4)	(1,2,3,4,9,8,5,7,6)	a0.1
863	(1,1,1,5,8,7,1,7,5)	(1,2,3,4,9,8,6,7,5)	a0.1
864	(1,1,1,5,8,7,8,2,3)	(1,2,3,4,9,8,6,5,7)	a0.1
865	(1,1,1,5,8,8,7,1,4)	(1,2,3,4,9,8,7,5,6)	a0.1
866	(1,1,2,1,3,8,8,6,6)	(1,2,3,5,6,9,8,7,4)	a0.1
867	(1,1,2,1,7,5,8,8,3)	(1,2,3,5,6,4,9,8,7)	a0.1
868	(1,1,2,2,2,8,7,7,6)	(1,2,3,5,7,9,8,6,4)	a0.1
869	(1,1,2,2,6,5,8,7,4)	(1,2,3,5,7,4,9,8,6)	p3.1
870	(1,1,2,2,8,3,8,5,6)	(1,2,3,5,7,6,9,8,4)	a0.1
871	(1,1,2,2,8,7,5,8,2)	(1,2,3,5,7,6,4,9,8)	a0.1
872	(1,1,2,3,1,7,8,7,6)	(1,2,3,5,8,9,7,6,4)	a0.1
873	(1,1,2,3,5,5,7,8,4)	(1,2,3,5,8,4,9,7,6)	a0.1
874	(1,1,2,3,7,3,7,6,6)	(1,2,3,5,8,6,9,7,4)	m3.1
875	(1,1,2,3,7,7,5,7,3)	(1,2,3,5,8,6,4,9,7)	a4.1
876	(1,1,2,3,8,2,6,7,6)	(1,2,3,5,8,7,9,6,4)	a0.1
877	(1,1,2,3,8,6,5,6,4)	(1,2,3,5,8,7,4,9,6)	a0.1
878	(1,1,2,3,8,8,3,4,6)	(1,2,3,5,8,7,6,9,4)	a0.1
879	(1,1,2,4,4,4,8,8,4)	(1,2,3,5,9,4,8,7,6)	p3.1
880	(1,1,2,4,6,2,8,6,6)	(1,2,3,5,9,6,8,7,4)	a0.1
881	(1,1,2,4,6,7,4,8,3)	(1,2,3,5,9,6,4,8,7)	a0.1
882	(1,1,2,4,7,1,7,7,6)	(1,2,3,5,9,7,8,6,4)	a0.1
883	(1,1,2,4,7,6,4,7,4)	(1,2,3,5,9,7,4,8,6)	m5.2
884	(1,1,2,4,7,8,2,5,6)	(1,2,3,5,9,7,6,8,4)	a0.1
885	(1,1,2,4,7,8,7,4,2)	(1,2,3,5,9,7,6,4,8)	p3.1
886	(1,1,2,4,8,5,3,8,4)	(1,2,3,5,9,8,4,7,6)	a0.1
887	(1,1,2,4,8,7,1,6,6)	(1,2,3,5,9,8,6,7,4)	a0.1
888	(1,1,2,4,8,7,7,3,3)	(1,2,3,5,9,8,6,4,7)	a0.1
889	(1,1,2,4,8,8,6,2,4)	(1,2,3,5,9,8,7,4,6)	p3.1
890	(1,1,2,8,2,3,8,8,3)	(1,2,3,5,4,6,9,8,7)	a0.1
891	(1,1,2,8,3,2,8,7,4)	(1,2,3,5,4,7,9,8,6)	a0.1
892	(1,1,2,8,3,8,3,8,2)	(1,2,3,5,4,7,6,9,8)	a0.1
893	(1,1,2,8,4,1,7,8,4)	(1,2,3,5,4,8,9,7,6)	a0.1
894	(1,1,2,8,4,7,3,7,3)	(1,2,3,5,4,8,6,9,7)	m3.1
895	(1,1,2,8,4,8,2,6,4)	(1,2,3,5,4,8,7,9,6)	a0.1
896	(1,1,2,8,5,6,2,8,3)	(1,2,3,5,4,9,6,8,7)	a0.1
897	(1,1,2,8,5,7,1,7,4)	(1,2,3,5,4,9,7,8,6)	a0.1
898	(1,1,2,8,5,7,8,2,2)	(1,2,3,5,4,9,7,6,8)	a0.1
899	(1,1,2,8,5,8,7,1,3)	(1,2,3,5,4,9,8,6,7)	a0.1
900	(1,1,3,1,2,8,6,8,6)	(1,2,3,6,7,9,8,5,4)	a0.1
901	(1,1,3,1,6,5,8,6,5)	(1,2,3,6,7,4,9,8,5)	a0.1
902	(1,1,3,1,7,4,8,5,6)	(1,2,3,6,7,5,9,8,4)	a0.1
903	(1,1,3,1,7,8,5,8,2)	(1,2,3,6,7,5,4,9,8)	a0.1
904	(1,1,3,2,1,7,7,8,6)	(1,2,3,6,8,9,7,5,4)	a0.1
905	(1,1,3,2,5,5,7,7,5)	(1,2,3,6,8,4,9,7,5)	a4.1
906	(1,1,3,2,6,4,7,6,6)	(1,2,3,6,8,5,9,7,4)	a0.1
907	(1,1,3,2,6,8,5,7,3)	(1,2,3,6,8,5,4,9,7)	a0.1
908	(1,1,3,2,8,2,5,8,6)	(1,2,3,6,8,7,9,5,4)	a0.1
909	(1,1,3,2,8,6,5,5,5)	(1,2,3,6,8,7,4,9,5)	m3.1
910	(1,1,3,2,8,7,4,4,6)	(1,2,3,6,8,7,5,9,4)	a0.1
911	(1,1,3,3,4,4,8,7,5)	(1,2,3,6,9,4,8,7,5)	a0.1
912	(1,1,3,3,5,3,8,6,6)	(1,2,3,6,9,5,8,7,4)	a0.1
913	(1,1,3,3,5,8,4,8,3)	(1,2,3,6,9,5,4,8,7)	a0.1
914	(1,1,3,3,7,1,6,8,6)	(1,2,3,6,9,7,8,5,4)	a0.1
915	(1,1,3,3,7,6,4,6,5)	(1,2,3,6,9,7,4,8,5)	m5.1
916	(1,1,3,3,7,7,3,5,6)	(1,2,3,6,9,7,5,8,4)	m3.1
917	(1,1,3,3,7,7,8,4,2)	(1,2,3,6,9,7,5,4,8)	a0.1
918	(1,1,3,3,8,5,3,7,5)	(1,2,3,6,9,8,4,7,5)	m3.1
919	(1,1,3,3,8,6,2,6,6)	(1,2,3,6,9,8,5,7,4)	a0.1
920	(1,1,3,3,8,6,8,3,3)	(1,2,3,6,9,8,5,4,7)	a0.1
921	(1,1,3,3,8,8,6,1,5)	(1,2,3,6,9,8,7,4,5)	a0.1
922	(1,1,3,7,1,4,8,8,3)	(1,2,3,6,4,5,9,8,7)	a0.1
923	(1,1,3,7,3,2,8,6,5)	(1,2,3,6,4,7,9,8,5)	m3.1
924	(1,1,3,7,3,7,4,8,2)	(1,2,3,6,4,7,5,9,8)	m3.1
925	(1,1,3,7,4,1,7,7,5)	(1,2,3,6,4,8,9,7,5)	m3.1
926	(1,1,3,7,4,6,4,7,3)	(1,2,3,6,4,8,5,9,7)	m5.1
927	(1,1,3,7,4,8,2,5,5)	(1,2,3,6,4,8,7,9,5)	m3.1
928	(1,1,3,7,5,5,3,8,3)	(1,2,3,6,4,9,5,8,7)	m3.1
929	(1,1,3,7,5,7,1,6,5)	(1,2,3,6,4,9,7,8,5)	m3.1
930	(1,1,3,7,5,7,7,3,2)	(1,2,3,6,4,9,7,5,8)	a4.1
931	(1,1,3,7,5,8,6,2,3)	(1,2,3,6,4,9,8,5,7)	a0.1
932	(1,1,3,8,2,2,8,5,6)	(1,2,3,6,5,7,9,8,4)	a0.1
933	(1,1,3,8,2,6,5,8,2)	(1,2,3,6,5,7,4,9,8)	a0.1
934	(1,1,3,8,3,1,7,6,6)	(1,2,3,6,5,8,9,7,4)	a0.1
935	(1,1,3,8,3,5,5,7,3)	(1,2,3,6,5,8,4,9,7)	m3.1
936	(1,1,3,8,3,8,2,4,6)	(1,2,3,6,5,8,7,9,4)	a0.1
937	(1,1,3,8,4,4,4,8,3)	(1,2,3,6,5,9,4,8,7)	a0.1
938	(1,1,3,8,4,7,1,5,6)	(1,2,3,6,5,9,7,8,4)	a0.1
939	(1,1,3,8,4,7,6,4,2)	(1,2,3,6,5,9,7,4,8)	a0.1
940	(1,1,3,8,4,8,5,3,3)	(1,2,3,6,5,9,8,4,7)	a0.1
941	(1,1,3,8,8,3,2,8,2)	(1,2,3,6,5,4,7,9,8)	a0.1
942	(1,1,3,8,8,4,1,7,3)	(1,2,3,6,5,4,8,9,7)	a0.1
943	(1,1,3,8,8,5,7,1,2)	(1,2,3,6,5,4,9,7,8)	a0.1
944	(1,1,4,1,1,6,8,8,6)	(1,2,3,7,8,9,6,5,4)	a0.1
945	(1,1,4,1,5,5,6,8,5)	(1,2,3,7,8,4,9,6,5)	a0.1
946	(1,1,4,1,6,4,6,7,6)	(1,2,3,7,8,5,9,6,4)	a0.1
947	(1,1,4,1,6,8,5,6,4)	(1,2,3,7,8,5,4,9,6)	a0.1
948	(1,1,4,1,7,3,5,8,6)	(1,2,3,7,8,6,9,5,4)	a0.1
949	(1,1,4,1,7,7,5,5,5)	(1,2,3,7,8,6,4,9,5)	m3.1
950	(1,1,4,1,7,8,4,4,6)	(1,2,3,7,8,6,5,9,4)	a0.1
951	(1,1,4,2,4,4,7,8,5)	(1,2,3,7,9,4,8,6,5)	p3.1
952	(1,1,4,2,5,3,7,7,6)	(1,2,3,7,9,5,8,6,4)	a0.1
953	(1,1,4,2,5,8,4,7,4)	(1,2,3,7,9,5,4,8,6)	a0.1
954	(1,1,4,2,6,2,6,8,6)	(1,2,3,7,9,6,8,5,4)	p3.1
955	(1,1,4,2,6,7,4,6,5)	(1,2,3,7,9,6,4,8,5)	m5.2
956	(1,1,4,2,6,8,3,5,6)	(1,2,3,7,9,6,5,8,4)	a0.1
957	(1,1,4,2,6,8,8,4,2)	(1,2,3,7,9,6,5,4,8)	p3.1
958	(1,1,4,2,8,5,2,8,5)	(1,2,3,7,9,8,4,6,5)	a0.1
959	(1,1,4,2,8,6,1,7,6)	(1,2,3,7,9,8,5,6,4)	a0.1
960	(1,1,4,2,8,6,8,2,4)	(1,2,3,7,9,8,5,4,6)	a0.1
961	(1,1,4,2,8,7,7,1,5)	(1,2,3,7,9,8,6,4,5)	a0.1
962	(1,1,4,6,1,4,8,7,4)	(1,2,3,7,4,5,9,8,6)	a0.1
963	(1,1,4,6,2,3,8,6,5)	(1,2,3,7,4,6,9,8,5)	a0.1
964	(1,1,4,6,2,8,4,8,2)	(1,2,3,7,4,6,5,9,8)	a0.1
965	(1,1,4,6,4,1,6,8,5)	(1,2,3,7,4,8,9,6,5)	a0.1
966	(1,1,4,6,4,6,4,6,4)	(1,2,3,7,4,8,5,9,6)	m8.19
967	(1,1,4,6,4,7,3,5,5)	(1,2,3,7,4,8,6,9,5)	m5.1
968	(1,1,4,6,5,5,3,7,4)	(1,2,3,7,4,9,5,8,6)	m5.1
969	(1,1,4,6,5,6,2,6,5)	(1,2,3,7,4,9,6,8,5)	m5.2
970	(1,1,4,6,5,6,8,3,2)	(1,2,3,7,4,9,6,5,8)	a0.1
971	(1,1,4,6,5,8,6,1,4)	(1,2,3,7,4,9,8,5,6)	a0.1
972	(1,1,4,7,1,3,8,5,6)	(1,2,3,7,5,6,9,8,4)	a0.1
973	(1,1,4,7,1,7,5,8,2)	(1,2,3,7,5,6,4,9,8)	a0.1
974	(1,1,4,7,3,1,6,7,6)	(1,2,3,7,5,8,9,6,4)	a0.1
975	(1,1,4,7,3,5,5,6,4)	(1,2,3,7,5,8,4,9,6)	m5.1
976	(1,1,4,7,3,7,3,4,6)	(1,2,3,7,5,8,6,9,4)	m3.1
977	(1,1,4,7,4,4,4,7,4)	(1,2,3,7,5,9,4,8,6)	m5.2
978	(1,1,4,7,4,6,2,5,6)	(1,2,3,7,5,9,6,8,4)	a0.1
979	(1,1,4,7,4,6,7,4,2)	(1,2,3,7,5,9,6,4,8)	m5.2
980	(1,1,4,7,4,8,5,2,4)	(1,2,3,7,5,9,8,4,6)	a0.1
981	(1,1,4,7,8,2,3,8,2)	(1,2,3,7,5,4,6,9,8)	a0.1
982	(1,1,4,7,8,4,1,6,4)	(1,2,3,7,5,4,8,9,6)	a0.1
983	(1,1,4,7,8,5,6,2,2)	(1,2,3,7,5,4,9,6,8)	p3.1
984	(1,1,4,8,2,1,5,8,6)	(1,2,3,7,6,8,9,5,4)	a0.1
985	(1,1,4,8,2,5,5,5,5)	(1,2,3,7,6,8,4,9,5)	m3.1
986	(1,1,4,8,2,6,4,4,6)	(1,2,3,7,6,8,5,9,4)	a0.1
987	(1,1,4,8,3,4,4,6,5)	(1,2,3,7,6,9,4,8,5)	a0.1
988	(1,1,4,8,3,5,3,5,6)	(1,2,3,7,6,9,5,8,4)	a0.1
989	(1,1,4,8,3,5,8,4,2)	(1,2,3,7,6,9,5,4,8)	a0.1
990	(1,1,4,8,3,8,5,1,5)	(1,2,3,7,6,9,8,4,5)	a0.1
991	(1,1,4,8,7,1,4,8,2)	(1,2,3,7,6,4,5,9,8)	a0.1
992	(1,1,4,8,7,4,1,5,5)	(1,2,3,7,6,4,8,9,5)	a0.1
993	(1,1,4,8,7,5,5,3,2)	(1,2,3,7,6,4,9,5,8)	a0.1
994	(1,1,4,8,8,3,1,4,6)	(1,2,3,7,6,5,8,9,4)	a0.1
995	(1,1,4,8,8,4,4,4,2)	(1,2,3,7,6,5,9,4,8)	p3.1
996	(1,1,5,1,4,3,8,8,5)	(1,2,3,8,9,4,7,6,5)	a0.1
997	(1,1,5,1,5,2,8,7,6)	(1,2,3,8,9,5,7,6,4)	a0.1
998	(1,1,5,1,5,8,3,8,4)	(1,2,3,8,9,5,4,7,6)	a0.1
999	(1,1,5,1,6,1,7,8,6)	(1,2,3,8,9,6,7,5,4)	a0.1
1000	(1,1,5,1,6,7,3,7,5)	(1,2,3,8,9,6,4,7,5)	m3.1
1001	(1,1,5,1,6,8,2,6,6)	(1,2,3,8,9,6,5,7,4)	a0.1
1002	(1,1,5,1,6,8,8,3,3)	(1,2,3,8,9,6,5,4,7)	a0.1
1003	(1,1,5,1,7,6,2,8,5)	(1,2,3,8,9,7,4,6,5)	a0.1
1004	(1,1,5,1,7,7,1,7,6)	(1,2,3,8,9,7,5,6,4)	a0.1
1005	(1,1,5,1,7,7,8,2,4)	(1,2,3,8,9,7,5,4,6)	a0.1
1006	(1,1,5,1,7,8,7,1,5)	(1,2,3,8,9,7,6,4,5)	a0.1
1007	(1,1,5,5,1,4,7,8,4)	(1,2,3,8,4,5,9,7,6)	a0.1
1008	(1,1,5,5,2,3,7,7,5)	(1,2,3,8,4,6,9,7,5)	a4.1
1009	(1,1,5,5,2,8,4,7,3)	(1,2,3,8,4,6,5,9,7)	m3.1
1010	(1,1,5,5,3,2,6,8,5)	(1,2,3,8,4,7,9,6,5)	a0.1
1011	(1,1,5,5,3,7,4,6,4)	(1,2,3,8,4,7,5,9,6)	m5.1
1012	(1,1,5,5,3,8,3,5,5)	(1,2,3,8,4,7,6,9,5)	m3.1
1013	(1,1,5,5,5,5,2,8,4)	(1,2,3,8,4,9,5,7,6)	m3.1
1014	(1,1,5,5,5,6,1,7,5)	(1,2,3,8,4,9,6,7,5)	m3.1
1015	(1,1,5,5,5,6,8,2,3)	(1,2,3,8,4,9,6,5,7)	m3.1
1016	(1,1,5,5,5,7,7,1,4)	(1,2,3,8,4,9,7,5,6)	m3.1
1017	(1,1,5,6,1,3,7,6,6)	(1,2,3,8,5,6,9,7,4)	a0.1
1018	(1,1,5,6,1,7,5,7,3)	(1,2,3,8,5,6,4,9,7)	m3.1
1019	(1,1,5,6,2,2,6,7,6)	(1,2,3,8,5,7,9,6,4)	p3.1
1020	(1,1,5,6,2,6,5,6,4)	(1,2,3,8,5,7,4,9,6)	m5.2
1021	(1,1,5,6,2,8,3,4,6)	(1,2,3,8,5,7,6,9,4)	a0.1
1022	(1,1,5,6,4,4,3,8,4)	(1,2,3,8,5,9,4,7,6)	a0.1
1023	(1,1,5,6,4,6,1,6,6)	(1,2,3,8,5,9,6,7,4)	a0.1
1024	(1,1,5,6,4,6,7,3,3)	(1,2,3,8,5,9,6,4,7)	m5.1
1025	(1,1,5,6,4,7,6,2,4)	(1,2,3,8,5,9,7,4,6)	m5.2
1026	(1,1,5,6,8,2,3,7,3)	(1,2,3,8,5,4,6,9,7)	m3.1
1027	(1,1,5,6,8,3,2,6,4)	(1,2,3,8,5,4,7,9,6)	a0.1
1028	(1,1,5,6,8,5,6,1,3)	(1,2,3,8,5,4,9,6,7)	a0.1
1029	(1,1,5,7,1,2,5,8,6)	(1,2,3,8,6,7,9,5,4)	a0.1
1030	(1,1,5,7,1,6,5,5,5)	(1,2,3,8,6,7,4,9,5)	m3.1
1031	(1,1,5,7,1,7,4,4,6)	(1,2,3,8,6,7,5,9,4)	a0.1
1032	(1,1,5,7,3,4,3,7,5)	(1,2,3,8,6,9,4,7,5)	a4.1
1033	(1,1,5,7,3,5,2,6,6)	(1,2,3,8,6,9,5,7,4)	a0.1
1034	(1,1,5,7,3,5,8,3,3)	(1,2,3,8,6,9,5,4,7)	m3.1
1035	(1,1,5,7,3,7,6,1,5)	(1,2,3,8,6,9,7,4,5)	m3.1
1036	(1,1,5,7,7,1,4,7,3)	(1,2,3,8,6,4,5,9,7)	m3.1
1037	(1,1,5,7,7,3,2,5,5)	(1,2,3,8,6,4,7,9,5)	a4.1
1038	(1,1,5,7,7,5,5,2,3)	(1,2,3,8,6,4,9,5,7)	a4.1
1039	(1,1,5,7,8,2,2,4,6)	(1,2,3,8,6,5,7,9,4)	a0.1
1040	(1,1,5,7,8,4,4,3,3)	(1,2,3,8,6,5,9,4,7)	a0.1
1041	(1,1,5,8,2,4,2,8,5)	(1,2,3,8,7,9,4,6,5)	a0.1
1042	(1,1,5,8,2,5,1,7,6)	(1,2,3,8,7,9,5,6,4)	a0.1
1043	(1,1,5,8,2,5,8,2,4)	(1,2,3,8,7,9,5,4,6)	a0.1
1044	(1,1,5,8,2,6,7,1,5)	(1,2,3,8,7,9,6,4,5)	a0.1
1045	(1,1,5,8,6,1,4,6,4)	(1,2,3,8,7,4,5,9,6)	a0.1
1046	(1,1,5,8,6,2,3,5,5)	(1,2,3,8,7,4,6,9,5)	a0.1
1047	(1,1,5,8,6,5,5,1,4)	(1,2,3,8,7,4,9,5,6)	a0.1
1048	(1,1,5,8,7,1,3,4,6)	(1,2,3,8,7,5,6,9,4)	a0.1
1049	(1,1,5,8,7,4,4,2,4)	(1,2,3,8,7,5,9,4,6)	p3.1
1050	(1,1,5,8,8,3,4,1,5)	(1,2,3,8,7,6,9,4,5)	a0.1
1051	(1,1,6,4,1,3,8,8,4)	(1,2,3,9,4,5,8,7,6)	a0.1
1052	(1,1,6,4,2,2,8,7,5)	(1,2,3,9,4,6,8,7,5)	a0.1
1053	(1,1,6,4,2,8,3,8,3)	(1,2,3,9,4,6,5,8,7)	a0.1
1054	(1,1,6,4,3,1,7,8,5)	(1,2,3,9,4,7,8,6,5)	a0.1
1055	(1,1,6,4,3,7,3,7,4)	(1,2,3,9,4,7,5,8,6)	m3.1
1056	(1,1,6,4,3,8,2,6,5)	(1,2,3,9,4,7,6,8,5)	a0.1
1057	(1,1,6,4,3,8,8,3,2)	(1,2,3,9,4,7,6,5,8)	a0.1
1058	(1,1,6,4,4,6,2,8,4)	(1,2,3,9,4,8,5,7,6)	a0.1
1059	(1,1,6,4,4,7,1,7,5)	(1,2,3,9,4,8,6,7,5)	a0.1
1060	(1,1,6,4,4,7,8,2,3)	(1,2,3,9,4,8,6,5,7)	a0.1
1061	(1,1,6,4,4,8,7,1,4)	(1,2,3,9,4,8,7,5,6)	a0.1
1062	(1,1,6,5,1,2,8,6,6)	(1,2,3,9,5,6,8,7,4)	a0.1
1063	(1,1,6,5,1,7,4,8,3)	(1,2,3,9,5,6,4,8,7)	a0.1
1064	(1,1,6,5,2,1,7,7,6)	(1,2,3,9,5,7,8,6,4)	a0.1
1065	(1,1,6,5,2,6,4,7,4)	(1,2,3,9,5,7,4,8,6)	a0.1
1066	(1,1,6,5,2,8,2,5,6)	(1,2,3,9,5,7,6,8,4)	a0.1
1067	(1,1,6,5,2,8,7,4,2)	(1,2,3,9,5,7,6,4,8)	a0.1
1068	(1,1,6,5,3,5,3,8,4)	(1,2,3,9,5,8,4,7,6)	a0.1
1069	(1,1,6,5,3,7,1,6,6)	(1,2,3,9,5,8,6,7,4)	a0.1
1070	(1,1,6,5,3,7,7,3,3)	(1,2,3,9,5,8,6,4,7)	m3.1
1071	(1,1,6,5,3,8,6,2,4)	(1,2,3,9,5,8,7,4,6)	a0.1
1072	(1,1,6,5,8,2,2,8,3)	(1,2,3,9,5,4,6,8,7)	a0.1
1073	(1,1,6,5,8,3,1,7,4)	(1,2,3,9,5,4,7,8,6)	a0.1
1074	(1,1,6,5,8,3,8,2,2)	(1,2,3,9,5,4,7,6,8)	a0.1
1075	(1,1,6,5,8,4,7,1,3)	(1,2,3,9,5,4,8,6,7)	a0.1
1076	(1,1,6,6,1,1,6,8,6)	(1,2,3,9,6,7,8,5,4)	a0.1
1077	(1,1,6,6,1,6,4,6,5)	(1,2,3,9,6,7,4,8,5)	a0.1
1078	(1,1,6,6,1,7,3,5,6)	(1,2,3,9,6,7,5,8,4)	a0.1
1079	(1,1,6,6,1,7,8,4,2)	(1,2,3,9,6,7,5,4,8)	a0.1
1080	(1,1,6,6,2,5,3,7,5)	(1,2,3,9,6,8,4,7,5)	a0.1
1081	(1,1,6,6,2,6,2,6,6)	(1,2,3,9,6,8,5,7,4)	p3.1
1082	(1,1,6,6,2,6,8,3,3)	(1,2,3,9,6,8,5,4,7)	a0.1
1083	(1,1,6,6,2,8,6,1,5)	(1,2,3,9,6,8,7,4,5)	a0.1
1084	(1,1,6,6,7,1,3,8,3)	(1,2,3,9,6,4,5,8,7)	a0.1
1085	(1,1,6,6,7,3,1,6,5)	(1,2,3,9,6,4,7,8,5)	a0.1
1086	(1,1,6,6,7,3,7,3,2)	(1,2,3,9,6,4,7,5,8)	m3.1
1087	(1,1,6,6,7,4,6,2,3)	(1,2,3,9,6,4,8,5,7)	a0.1
1088	(1,1,6,6,8,2,1,5,6)	(1,2,3,9,6,5,7,8,4)	a0.1
1089	(1,1,6,6,8,2,6,4,2)	(1,2,3,9,6,5,7,4,8)	a0.1
1090	(1,1,6,6,8,3,5,3,3)	(1,2,3,9,6,5,8,4,7)	a0.1
1091	(1,1,6,6,8,8,3,1,2)	(1,2,3,9,6,5,4,7,8)	a0.1
1092	(1,1,6,7,1,5,2,8,5)	(1,2,3,9,7,8,4,6,5)	a0.1
1093	(1,1,6,7,1,6,1,7,6)	(1,2,3,9,7,8,5,6,4)	a0.1
1094	(1,1,6,7,1,6,8,2,4)	(1,2,3,9,7,8,5,4,6)	a0.1
1095	(1,1,6,7,1,7,7,1,5)	(1,2,3,9,7,8,6,4,5)	a0.1
1096	(1,1,6,7,6,1,3,7,4)	(1,2,3,9,7,4,5,8,6)	a0.1
1097	(1,1,6,7,6,2,2,6,5)	(1,2,3,9,7,4,6,8,5)	p3.1
1098	(1,1,6,7,6,2,8,3,2)	(1,2,3,9,7,4,6,5,8)	a0.1
1099	(1,1,6,7,6,4,6,1,4)	(1,2,3,9,7,4,8,5,6)	a0.1
1100	(1,1,6,7,7,1,2,5,6)	(1,2,3,9,7,5,6,8,4)	a0.1
1101	(1,1,6,7,7,1,7,4,2)	(1,2,3,9,7,5,6,4,8)	a0.1
1102	(1,1,6,7,7,3,5,2,4)	(1,2,3,9,7,5,8,4,6)	a0.1
1103	(1,1,6,7,7,8,2,2,2)	(1,2,3,9,7,5,4,6,8)	a0.1
1104	(1,1,6,7,8,2,5,1,5)	(1,2,3,9,7,6,8,4,5)	a0.1
1105	(1,1,6,7,8,7,1,3,2)	(1,2,3,9,7,6,4,5,8)	a0.1
1106	(1,1,6,8,5,1,2,8,4)	(1,2,3,9,8,4,5,7,6)	a0.1
1107	(1,1,6,8,5,2,1,7,5)	(1,2,3,9,8,4,6,7,5)	a0.1
1108	(1,1,6,8,5,2,8,2,3)	(1,2,3,9,8,4,6,5,7)	a0.1
1109	(1,1,6,8,5,3,7,1,4)	(1,2,3,9,8,4,7,5,6)	a0.1
1110	(1,1,6,8,6,1,7,3,3)	(1,2,3,9,8,5,6,4,7)	a0.1
1111	(1,1,6,8,6,2,6,2,4)	(1,2,3,9,8,5,7,4,6)	p3.1
1112	(1,1,6,8,6,8,2,1,3)	(1,2,3,9,8,5,4,6,7)	a0.1
1113	(1,1,6,8,7,1,6,1,5)	(1,2,3,9,8,6,7,4,5)	a0.1
1114	(1,1,6,8,7,7,1,2,3)	(1,2,3,9,8,6,4,5,7)	a0.1
1115	(1,2,1,2,2,8,7,6,7)	(1,2,4,5,7,9,8,6,3)	a0.1
1116	(1,2,1,2,5,6,8,7,4)	(1,2,4,5,7,3,9,8,6)	a0.1
1117	(1,2,1,2,8,3,8,4,7)	(1,2,4,5,7,6,9,8,3)	a0.1
1118	(1,2,1,2,8,6,6,8,2)	(1,2,4,5,7,6,3,9,8)	a0.1
1119	(1,2,1,3,1,7,8,6,7)	(1,2,4,5,8,9,7,6,3)	a0.1
1120	(1,2,1,3,4,6,7,8,4)	(1,2,4,5,8,3,9,7,6)	a0.1
1121	(1,2,1,3,7,3,7,5,7)	(1,2,4,5,8,6,9,7,3)	m3.1
1122	(1,2,1,3,7,6,6,7,3)	(1,2,4,5,8,6,3,9,7)	a0.1
1123	(1,2,1,3,8,2,6,6,7)	(1,2,4,5,8,7,9,6,3)	a0.1
1124	(1,2,1,3,8,5,6,6,4)	(1,2,4,5,8,7,3,9,6)	a0.1
1125	(1,2,1,3,8,8,3,3,7)	(1,2,4,5,8,7,6,9,3)	a0.1
1126	(1,2,1,4,3,5,8,8,4)	(1,2,4,5,9,3,8,7,6)	a0.1
1127	(1,2,1,4,6,2,8,5,7)	(1,2,4,5,9,6,8,7,3)	a0.1
1128	(1,2,1,4,6,6,5,8,3)	(1,2,4,5,9,6,3,8,7)	a0.1
1129	(1,2,1,4,7,1,7,6,7)	(1,2,4,5,9,7,8,6,3)	a0.1
1130	(1,2,1,4,7,5,5,7,4)	(1,2,4,5,9,7,3,8,6)	m3.1
1131	(1,2,1,4,7,8,2,4,7)	(1,2,4,5,9,7,6,8,3)	a0.1
1132	(1,2,1,4,7,8,6,5,2)	(1,2,4,5,9,7,6,3,8)	a0.1
1133	(1,2,1,4,8,4,4,8,4)	(1,2,4,5,9,8,3,7,6)	a0.1
1134	(1,2,1,4,8,7,1,5,7)	(1,2,4,5,9,8,6,7,3)	a0.1
1135	(1,2,1,4,8,7,6,4,3)	(1,2,4,5,9,8,6,3,7)	a0.1
1136	(1,2,1,4,8,8,5,3,4)	(1,2,4,5,9,8,7,3,6)	a0.1
1137	(1,2,1,7,3,3,8,8,3)	(1,2,4,5,3,6,9,8,7)	a0.1
1138	(1,2,1,7,4,2,8,7,4)	(1,2,4,5,3,7,9,8,6)	a0.1
1139	(1,2,1,7,4,8,3,8,2)	(1,2,4,5,3,7,6,9,8)	a0.1
1140	(1,2,1,7,5,1,7,8,4)	(1,2,4,5,3,8,9,7,6)	a0.1
1141	(1,2,1,7,5,7,3,7,3)	(1,2,4,5,3,8,6,9,7)	m3.1
1142	(1,2,1,7,5,8,2,6,4)	(1,2,4,5,3,8,7,9,6)	a0.1
1143	(1,2,1,7,6,6,2,8,3)	(1,2,4,5,3,9,6,8,7)	a0.1
1144	(1,2,1,7,6,7,1,7,4)	(1,2,4,5,3,9,7,8,6)	a0.1
1145	(1,2,1,7,6,7,8,2,2)	(1,2,4,5,3,9,7,6,8)	a0.1
1146	(1,2,1,7,6,8,7,1,3)	(1,2,4,5,3,9,8,6,7)	a0.1
1147	(1,2,2,1,2,8,6,7,7)	(1,2,4,6,7,9,8,5,3)	a0.1
1148	(1,2,2,1,5,6,8,6,5)	(1,2,4,6,7,3,9,8,5)	a0.1
1149	(1,2,2,1,7,4,8,4,7)	(1,2,4,6,7,5,9,8,3)	a0.1
1150	(1,2,2,1,7,7,6,8,2)	(1,2,4,6,7,5,3,9,8)	a0.1
1151	(1,2,2,2,1,7,7,7,7)	(1,2,4,6,8,9,7,5,3)	a0.1
1152	(1,2,2,2,4,6,7,7,5)	(1,2,4,6,8,3,9,7,5)	a0.1
1153	(1,2,2,2,6,4,7,5,7)	(1,2,4,6,8,5,9,7,3)	a0.1
1154	(1,2,2,2,6,7,6,7,3)	(1,2,4,6,8,5,3,9,7)	p3.1
1155	(1,2,2,2,8,2,5,7,7)	(1,2,4,6,8,7,9,5,3)	a0.1
1156	(1,2,2,2,8,5,6,5,5)	(1,2,4,6,8,7,3,9,5)	a0.1
1157	(1,2,2,2,8,7,4,3,7)	(1,2,4,6,8,7,5,9,3)	a0.1
1158	(1,2,2,3,3,5,8,7,5)	(1,2,4,6,9,3,8,7,5)	a0.1
1159	(1,2,2,3,5,3,8,5,7)	(1,2,4,6,9,5,8,7,3)	a0.1
1160	(1,2,2,3,5,7,5,8,3)	(1,2,4,6,9,5,3,8,7)	a0.1
1161	(1,2,2,3,7,1,6,7,7)	(1,2,4,6,9,7,8,5,3)	a0.1
1162	(1,2,2,3,7,5,5,6,5)	(1,2,4,6,9,7,3,8,5)	m3.1
1163	(1,2,2,3,7,7,3,4,7)	(1,2,4,6,9,7,5,8,3)	m3.1
1164	(1,2,2,3,7,7,7,5,2)	(1,2,4,6,9,7,5,3,8)	a4.1
1165	(1,2,2,3,8,4,4,7,5)	(1,2,4,6,9,8,3,7,5)	a0.1
1166	(1,2,2,3,8,6,2,5,7)	(1,2,4,6,9,8,5,7,3)	a0.1
1167	(1,2,2,3,8,6,7,4,3)	(1,2,4,6,9,8,5,3,7)	a0.1
1168	(1,2,2,3,8,8,5,2,5)	(1,2,4,6,9,8,7,3,5)	a0.1
1169	(1,2,2,6,2,4,8,8,3)	(1,2,4,6,3,5,9,8,7)	p3.1
1170	(1,2,2,6,4,2,8,6,5)	(1,2,4,6,3,7,9,8,5)	a0.1
1171	(1,2,2,6,4,7,4,8,2)	(1,2,4,6,3,7,5,9,8)	a0.1
1172	(1,2,2,6,5,1,7,7,5)	(1,2,4,6,3,8,9,7,5)	a0.1
1173	(1,2,2,6,5,6,4,7,3)	(1,2,4,6,3,8,5,9,7)	m5.2
1174	(1,2,2,6,5,8,2,5,5)	(1,2,4,6,3,8,7,9,5)	a0.1
1175	(1,2,2,6,6,5,3,8,3)	(1,2,4,6,3,9,5,8,7)	a0.1
1176	(1,2,2,6,6,7,1,6,5)	(1,2,4,6,3,9,7,8,5)	a0.1
1177	(1,2,2,6,6,7,7,3,2)	(1,2,4,6,3,9,7,5,8)	a0.1
1178	(1,2,2,6,6,8,6,2,3)	(1,2,4,6,3,9,8,5,7)	p3.1
1179	(1,2,2,8,2,2,8,4,7)	(1,2,4,6,5,7,9,8,3)	a0.1
1180	(1,2,2,8,2,5,6,8,2)	(1,2,4,6,5,7,3,9,8)	a0.1
1181	(1,2,2,8,3,1,7,5,7)	(1,2,4,6,5,8,9,7,3)	a0.1
1182	(1,2,2,8,3,4,6,7,3)	(1,2,4,6,5,8,3,9,7)	a0.1
1183	(1,2,2,8,3,8,2,3,7)	(1,2,4,6,5,8,7,9,3)	a0.1
1184	(1,2,2,8,4,3,5,8,3)	(1,2,4,6,5,9,3,8,7)	a0.1
1185	(1,2,2,8,4,7,1,4,7)	(1,2,4,6,5,9,7,8,3)	a0.1
1186	(1,2,2,8,4,7,5,5,2)	(1,2,4,6,5,9,7,3,8)	m3.1
1187	(1,2,2,8,4,8,4,4,3)	(1,2,4,6,5,9,8,3,7)	a0.1
1188	(1,2,2,8,7,4,2,8,2)	(1,2,4,6,5,3,7,9,8)	a0.1
1189	(1,2,2,8,7,5,1,7,3)	(1,2,4,6,5,3,8,9,7)	a0.1
1190	(1,2,3,1,4,6,6,8,5)	(1,2,4,7,8,3,9,6,5)	a0.1
1191	(1,2,3,1,6,4,6,6,7)	(1,2,4,7,8,5,9,6,3)	a0.1
1192	(1,2,3,1,6,7,6,6,4)	(1,2,4,7,8,5,3,9,6)	a0.1
1193	(1,2,3,1,7,3,5,7,7)	(1,2,4,7,8,6,9,5,3)	a0.1
1194	(1,2,3,1,7,6,6,5,5)	(1,2,4,7,8,6,3,9,5)	a0.1
1195	(1,2,3,1,7,8,4,3,7)	(1,2,4,7,8,6,5,9,3)	a0.1
1196	(1,2,3,2,3,5,7,8,5)	(1,2,4,7,9,3,8,6,5)	a0.1
1197	(1,2,3,2,5,3,7,6,7)	(1,2,4,7,9,5,8,6,3)	a0.1
1198	(1,2,3,2,5,7,5,7,4)	(1,2,4,7,9,5,3,8,6)	a4.1
1199	(1,2,3,2,6,2,6,7,7)	(1,2,4,7,9,6,8,5,3)	p3.1
1200	(1,2,3,2,6,6,5,6,5)	(1,2,4,7,9,6,3,8,5)	a0.1
1201	(1,2,3,2,6,8,3,4,7)	(1,2,4,7,9,6,5,8,3)	a0.1
1202	(1,2,3,2,6,8,7,5,2)	(1,2,4,7,9,6,5,3,8)	a0.1
1203	(1,2,3,2,8,4,3,8,5)	(1,2,4,7,9,8,3,6,5)	a0.1
1204	(1,2,3,2,8,6,1,6,7)	(1,2,4,7,9,8,5,6,3)	a0.1
1205	(1,2,3,2,8,6,7,3,4)	(1,2,4,7,9,8,5,3,6)	m3.1
1206	(1,2,3,2,8,7,6,2,5)	(1,2,4,7,9,8,6,3,5)	a0.1
1207	(1,2,3,5,2,4,8,7,4)	(1,2,4,7,3,5,9,8,6)	a0.1
1208	(1,2,3,5,3,3,8,6,5)	(1,2,4,7,3,6,9,8,5)	a0.1
1209	(1,2,3,5,3,8,4,8,2)	(1,2,4,7,3,6,5,9,8)	a0.1
1210	(1,2,3,5,5,1,6,8,5)	(1,2,4,7,3,8,9,6,5)	a0.1
1211	(1,2,3,5,5,6,4,6,4)	(1,2,4,7,3,8,5,9,6)	m5.1
1212	(1,2,3,5,5,7,3,5,5)	(1,2,4,7,3,8,6,9,5)	m3.1
1213	(1,2,3,5,6,5,3,7,4)	(1,2,4,7,3,9,5,8,6)	m3.1
1214	(1,2,3,5,6,6,2,6,5)	(1,2,4,7,3,9,6,8,5)	a0.1
1215	(1,2,3,5,6,6,8,3,2)	(1,2,4,7,3,9,6,5,8)	a0.1
1216	(1,2,3,5,6,8,6,1,4)	(1,2,4,7,3,9,8,5,6)	a0.1
1217	(1,2,3,7,1,3,8,4,7)	(1,2,4,7,5,6,9,8,3)	a0.1
1218	(1,2,3,7,1,6,6,8,2)	(1,2,4,7,5,6,3,9,8)	a0.1
1219	(1,2,3,7,3,1,6,6,7)	(1,2,4,7,5,8,9,6,3)	a0.1
1220	(1,2,3,7,3,4,6,6,4)	(1,2,4,7,5,8,3,9,6)	m3.1
1221	(1,2,3,7,3,7,3,3,7)	(1,2,4,7,5,8,6,9,3)	m3.1
1222	(1,2,3,7,4,3,5,7,4)	(1,2,4,7,5,9,3,8,6)	m3.1
1223	(1,2,3,7,4,6,2,4,7)	(1,2,4,7,5,9,6,8,3)	a0.1
1224	(1,2,3,7,4,6,6,5,2)	(1,2,4,7,5,9,6,3,8)	m5.1
1225	(1,2,3,7,4,8,4,3,4)	(1,2,4,7,5,9,8,3,6)	m3.1
1226	(1,2,3,7,7,3,3,8,2)	(1,2,4,7,5,3,6,9,8)	m3.1
1227	(1,2,3,7,7,5,1,6,4)	(1,2,4,7,5,3,8,9,6)	m3.1
1228	(1,2,3,7,7,6,6,2,2)	(1,2,4,7,5,3,9,6,8)	a0.1
1229	(1,2,3,8,2,1,5,7,7)	(1,2,4,7,6,8,9,5,3)	a0.1
1230	(1,2,3,8,2,4,6,5,5)	(1,2,4,7,6,8,3,9,5)	a0.1
1231	(1,2,3,8,2,6,4,3,7)	(1,2,4,7,6,8,5,9,3)	a0.1
1232	(1,2,3,8,3,3,5,6,5)	(1,2,4,7,6,9,3,8,5)	a0.1
1233	(1,2,3,8,3,5,3,4,7)	(1,2,4,7,6,9,5,8,3)	a0.1
1234	(1,2,3,8,3,5,7,5,2)	(1,2,4,7,6,9,5,3,8)	m3.1
1235	(1,2,3,8,3,8,4,2,5)	(1,2,4,7,6,9,8,3,5)	a0.1
1236	(1,2,3,8,6,2,4,8,2)	(1,2,4,7,6,3,5,9,8)	a0.1
1237	(1,2,3,8,6,5,1,5,5)	(1,2,4,7,6,3,8,9,5)	a0.1
1238	(1,2,3,8,6,6,5,3,2)	(1,2,4,7,6,3,9,5,8)	a0.1
1239	(1,2,3,8,8,3,1,3,7)	(1,2,4,7,6,5,8,9,3)	a0.1
1240	(1,2,3,8,8,4,3,5,2)	(1,2,4,7,6,5,9,3,8)	a0.1
1241	(1,2,4,1,3,4,8,8,5)	(1,2,4,8,9,3,7,6,5)	a0.1
1242	(1,2,4,1,5,2,8,6,7)	(1,2,4,8,9,5,7,6,3)	a0.1
1243	(1,2,4,1,5,7,4,8,4)	(1,2,4,8,9,5,3,7,6)	a0.1
1244	(1,2,4,1,6,1,7,7,7)	(1,2,4,8,9,6,7,5,3)	a0.1
1245	(1,2,4,1,6,6,4,7,5)	(1,2,4,8,9,6,3,7,5)	a0.1
1246	(1,2,4,1,6,8,2,5,7)	(1,2,4,8,9,6,5,7,3)	a0.1
1247	(1,2,4,1,6,8,7,4,3)	(1,2,4,8,9,6,5,3,7)	a0.1
1248	(1,2,4,1,7,5,3,8,5)	(1,2,4,8,9,7,3,6,5)	a0.1
1249	(1,2,4,1,7,7,1,6,7)	(1,2,4,8,9,7,5,6,3)	a0.1
1250	(1,2,4,1,7,7,7,3,4)	(1,2,4,8,9,7,5,3,6)	m3.1
1251	(1,2,4,1,7,8,6,2,5)	(1,2,4,8,9,7,6,3,5)	a0.1
1252	(1,2,4,4,2,4,7,8,4)	(1,2,4,8,3,5,9,7,6)	p3.1
1253	(1,2,4,4,3,3,7,7,5)	(1,2,4,8,3,6,9,7,5)	a0.1
1254	(1,2,4,4,3,8,4,7,3)	(1,2,4,8,3,6,5,9,7)	a0.1
1255	(1,2,4,4,4,2,6,8,5)	(1,2,4,8,3,7,9,6,5)	p3.1
1256	(1,2,4,4,4,7,4,6,4)	(1,2,4,8,3,7,5,9,6)	m5.2
1257	(1,2,4,4,4,8,3,5,5)	(1,2,4,8,3,7,6,9,5)	a0.1
1258	(1,2,4,4,6,5,2,8,4)	(1,2,4,8,3,9,5,7,6)	a0.1
1259	(1,2,4,4,6,6,1,7,5)	(1,2,4,8,3,9,6,7,5)	a0.1
1260	(1,2,4,4,6,6,8,2,3)	(1,2,4,8,3,9,6,5,7)	a0.1
1261	(1,2,4,4,6,7,7,1,4)	(1,2,4,8,3,9,7,5,6)	a0.1
1262	(1,2,4,6,1,3,7,5,7)	(1,2,4,8,5,6,9,7,3)	a0.1
1263	(1,2,4,6,1,6,6,7,3)	(1,2,4,8,5,6,3,9,7)	a0.1
1264	(1,2,4,6,2,2,6,6,7)	(1,2,4,8,5,7,9,6,3)	p3.1
1265	(1,2,4,6,2,5,6,6,4)	(1,2,4,8,5,7,3,9,6)	a0.1
1266	(1,2,4,6,2,8,3,3,7)	(1,2,4,8,5,7,6,9,3)	a0.1
1267	(1,2,4,6,4,3,4,8,4)	(1,2,4,8,5,9,3,7,6)	a0.1
1268	(1,2,4,6,4,6,1,5,7)	(1,2,4,8,5,9,6,7,3)	a0.1
1269	(1,2,4,6,4,6,6,4,3)	(1,2,4,8,5,9,6,3,7)	m8.19
1270	(1,2,4,6,4,7,5,3,4)	(1,2,4,8,5,9,7,3,6)	m5.1
1271	(1,2,4,6,7,3,3,7,3)	(1,2,4,8,5,3,6,9,7)	m5.1
1272	(1,2,4,6,7,4,2,6,4)	(1,2,4,8,5,3,7,9,6)	m5.2
1273	(1,2,4,6,7,6,6,1,3)	(1,2,4,8,5,3,9,6,7)	a0.1
1274	(1,2,4,7,1,2,5,7,7)	(1,2,4,8,6,7,9,5,3)	a0.1
1275	(1,2,4,7,1,5,6,5,5)	(1,2,4,8,6,7,3,9,5)	a0.1
1276	(1,2,4,7,1,7,4,3,7)	(1,2,4,8,6,7,5,9,3)	a0.1
1277	(1,2,4,7,3,3,4,7,5)	(1,2,4,8,6,9,3,7,5)	a0.1
1278	(1,2,4,7,3,5,2,5,7)	(1,2,4,8,6,9,5,7,3)	a0.1
1279	(1,2,4,7,3,5,7,4,3)	(1,2,4,8,6,9,5,3,7)	m5.1
1280	(1,2,4,7,3,7,5,2,5)	(1,2,4,8,6,9,7,3,5)	m3.1
1281	(1,2,4,7,6,2,4,7,3)	(1,2,4,8,6,3,5,9,7)	m5.2
1282	(1,2,4,7,6,4,2,5,5)	(1,2,4,8,6,3,7,9,5)	a0.1
1283	(1,2,4,7,6,6,5,2,3)	(1,2,4,8,6,3,9,5,7)	a0.1
1284	(1,2,4,7,8,2,2,3,7)	(1,2,4,8,6,5,7,9,3)	a0.1
1285	(1,2,4,7,8,4,3,4,3)	(1,2,4,8,6,5,9,3,7)	a0.1
1286	(1,2,4,8,2,3,3,8,5)	(1,2,4,8,7,9,3,6,5)	a0.1
1287	(1,2,4,8,2,5,1,6,7)	(1,2,4,8,7,9,5,6,3)	a0.1
1288	(1,2,4,8,2,5,7,3,4)	(1,2,4,8,7,9,5,3,6)	m3.1
1289	(1,2,4,8,2,6,6,2,5)	(1,2,4,8,7,9,6,3,5)	a0.1
1290	(1,2,4,8,5,2,4,6,4)	(1,2,4,8,7,3,5,9,6)	a0.1
1291	(1,2,4,8,5,3,3,5,5)	(1,2,4,8,7,3,6,9,5)	a0.1
1292	(1,2,4,8,5,6,5,1,4)	(1,2,4,8,7,3,9,5,6)	a0.1
1293	(1,2,4,8,7,1,3,3,7)	(1,2,4,8,7,5,6,9,3)	a0.1
1294	(1,2,4,8,7,4,3,3,4)	(1,2,4,8,7,5,9,3,6)	a0.1
1295	(1,2,4,8,8,3,3,2,5)	(1,2,4,8,7,6,9,3,5)	a0.1
1296	(1,2,5,3,2,3,8,8,4)	(1,2,4,9,3,5,8,7,6)	a0.1
1297	(1,2,5,3,3,2,8,7,5)	(1,2,4,9,3,6,8,7,5)	a0.1
1298	(1,2,5,3,3,8,3,8,3)	(1,2,4,9,3,6,5,8,7)	a0.1
1299	(1,2,5,3,4,1,7,8,5)	(1,2,4,9,3,7,8,6,5)	a0.1
1300	(1,2,5,3,4,7,3,7,4)	(1,2,4,9,3,7,5,8,6)	m3.1
1301	(1,2,5,3,4,8,2,6,5)	(1,2,4,9,3,7,6,8,5)	a0.1
1302	(1,2,5,3,4,8,8,3,2)	(1,2,4,9,3,7,6,5,8)	a0.1
1303	(1,2,5,3,5,6,2,8,4)	(1,2,4,9,3,8,5,7,6)	a0.1
1304	(1,2,5,3,5,7,1,7,5)	(1,2,4,9,3,8,6,7,5)	a0.1
1305	(1,2,5,3,5,7,8,2,3)	(1,2,4,9,3,8,6,5,7)	a0.1
1306	(1,2,5,3,5,8,7,1,4)	(1,2,4,9,3,8,7,5,6)	a0.1
1307	(1,2,5,5,1,2,8,5,7)	(1,2,4,9,5,6,8,7,3)	a0.1
1308	(1,2,5,5,1,6,5,8,3)	(1,2,4,9,5,6,3,8,7)	a0.1
1309	(1,2,5,5,2,1,7,6,7)	(1,2,4,9,5,7,8,6,3)	a0.1
1310	(1,2,5,5,2,5,5,7,4)	(1,2,4,9,5,7,3,8,6)	a4.1
1311	(1,2,5,5,2,8,2,4,7)	(1,2,4,9,5,7,6,8,3)	a0.1
1312	(1,2,5,5,2,8,6,5,2)	(1,2,4,9,5,7,6,3,8)	m3.1
1313	(1,2,5,5,3,4,4,8,4)	(1,2,4,9,5,8,3,7,6)	a0.1
1314	(1,2,5,5,3,7,1,5,7)	(1,2,4,9,5,8,6,7,3)	a0.1
1315	(1,2,5,5,3,7,6,4,3)	(1,2,4,9,5,8,6,3,7)	m5.1
1316	(1,2,5,5,3,8,5,3,4)	(1,2,4,9,5,8,7,3,6)	m3.1
1317	(1,2,5,5,7,3,2,8,3)	(1,2,4,9,5,3,6,8,7)	m3.1
1318	(1,2,5,5,7,4,1,7,4)	(1,2,4,9,5,3,7,8,6)	m3.1
1319	(1,2,5,5,7,4,8,2,2)	(1,2,4,9,5,3,7,6,8)	m3.1
1320	(1,2,5,5,7,5,7,1,3)	(1,2,4,9,5,3,8,6,7)	m3.1
1321	(1,2,5,6,1,5,5,6,5)	(1,2,4,9,6,7,3,8,5)	a0.1
1322	(1,2,5,6,1,7,3,4,7)	(1,2,4,9,6,7,5,8,3)	a0.1
1323	(1,2,5,6,1,7,7,5,2)	(1,2,4,9,6,7,5,3,8)	m3.1
1324	(1,2,5,6,2,4,4,7,5)	(1,2,4,9,6,8,3,7,5)	p3.1
1325	(1,2,5,6,2,6,2,5,7)	(1,2,4,9,6,8,5,7,3)	p3.1
1326	(1,2,5,6,2,6,7,4,3)	(1,2,4,9,6,8,5,3,7)	m5.2
1327	(1,2,5,6,2,8,5,2,5)	(1,2,4,9,6,8,7,3,5)	a0.1
1328	(1,2,5,6,6,2,3,8,3)	(1,2,4,9,6,3,5,8,7)	a0.1
1329	(1,2,5,6,6,4,1,6,5)	(1,2,4,9,6,3,7,8,5)	a0.1
1330	(1,2,5,6,6,4,7,3,2)	(1,2,4,9,6,3,7,5,8)	m5.1
1331	(1,2,5,6,6,5,6,2,3)	(1,2,4,9,6,3,8,5,7)	m5.2
1332	(1,2,5,6,8,2,1,4,7)	(1,2,4,9,6,5,7,8,3)	a0.1
1333	(1,2,5,6,8,2,5,5,2)	(1,2,4,9,6,5,7,3,8)	m3.1
1334	(1,2,5,6,8,3,4,4,3)	(1,2,4,9,6,5,8,3,7)	a0.1
1335	(1,2,5,7,1,4,3,8,5)	(1,2,4,9,7,8,3,6,5)	a0.1
1336	(1,2,5,7,1,6,1,6,7)	(1,2,4,9,7,8,5,6,3)	a0.1
1337	(1,2,5,7,1,6,7,3,4)	(1,2,4,9,7,8,5,3,6)	m3.1
1338	(1,2,5,7,1,7,6,2,5)	(1,2,4,9,7,8,6,3,5)	a0.1
1339	(1,2,5,7,5,2,3,7,4)	(1,2,4,9,7,3,5,8,6)	a4.1
1340	(1,2,5,7,5,3,2,6,5)	(1,2,4,9,7,3,6,8,5)	a0.1
1341	(1,2,5,7,5,3,8,3,2)	(1,2,4,9,7,3,6,5,8)	m3.1
1342	(1,2,5,7,5,5,6,1,4)	(1,2,4,9,7,3,8,5,6)	m3.1
1343	(1,2,5,7,7,1,6,5,2)	(1,2,4,9,7,5,6,3,8)	m3.1
1344	(1,2,5,7,7,3,4,3,4)	(1,2,4,9,7,5,8,3,6)	a4.1
1345	(1,2,5,7,7,7,3,2,2)	(1,2,4,9,7,5,3,6,8)	a4.1
1346	(1,2,5,7,8,2,4,2,5)	(1,2,4,9,7,6,8,3,5)	a0.1
1347	(1,2,5,7,8,6,2,3,2)	(1,2,4,9,7,6,3,5,8)	a0.1
1348	(1,2,5,8,4,2,2,8,4)	(1,2,4,9,8,3,5,7,6)	a0.1
1349	(1,2,5,8,4,3,1,7,5)	(1,2,4,9,8,3,6,7,5)	a0.1
1350	(1,2,5,8,4,3,8,2,3)	(1,2,4,9,8,3,6,5,7)	a0.1
1351	(1,2,5,8,4,4,7,1,4)	(1,2,4,9,8,3,7,5,6)	a0.1
1352	(1,2,5,8,6,1,6,4,3)	(1,2,4,9,8,5,6,3,7)	a0.1
1353	(1,2,5,8,6,2,5,3,4)	(1,2,4,9,8,5,7,3,6)	a0.1
1354	(1,2,5,8,6,7,3,1,3)	(1,2,4,9,8,5,3,6,7)	a0.1
1355	(1,2,5,8,7,1,5,2,5)	(1,2,4,9,8,6,7,3,5)	a0.1
1356	(1,2,5,8,7,6,2,2,3)	(1,2,4,9,8,6,3,5,7)	p3.1
1357	(1,2,5,8,8,5,2,1,4)	(1,2,4,9,8,7,3,5,6)	a0.1
1358	(1,2,8,2,1,3,8,8,3)	(1,2,4,3,5,6,9,8,7)	a0.1
1359	(1,2,8,2,2,2,8,7,4)	(1,2,4,3,5,7,9,8,6)	a0.1
1360	(1,2,8,2,2,8,3,8,2)	(1,2,4,3,5,7,6,9,8)	a0.1
1361	(1,2,8,2,3,1,7,8,4)	(1,2,4,3,5,8,9,7,6)	a0.1
1362	(1,2,8,2,3,7,3,7,3)	(1,2,4,3,5,8,6,9,7)	m3.1
1363	(1,2,8,2,3,8,2,6,4)	(1,2,4,3,5,8,7,9,6)	a0.1
1364	(1,2,8,2,4,6,2,8,3)	(1,2,4,3,5,9,6,8,7)	a0.1
1365	(1,2,8,2,4,7,1,7,4)	(1,2,4,3,5,9,7,8,6)	a0.1
1366	(1,2,8,2,4,7,8,2,2)	(1,2,4,3,5,9,7,6,8)	a0.1
1367	(1,2,8,2,4,8,7,1,3)	(1,2,4,3,5,9,8,6,7)	a0.1
1368	(1,2,8,3,1,2,8,6,5)	(1,2,4,3,6,7,9,8,5)	a0.1
1369	(1,2,8,3,1,7,4,8,2)	(1,2,4,3,6,7,5,9,8)	a0.1
1370	(1,2,8,3,2,1,7,7,5)	(1,2,4,3,6,8,9,7,5)	a0.1
1371	(1,2,8,3,2,6,4,7,3)	(1,2,4,3,6,8,5,9,7)	a0.1
1372	(1,2,8,3,2,8,2,5,5)	(1,2,4,3,6,8,7,9,5)	a0.1
1373	(1,2,8,3,3,5,3,8,3)	(1,2,4,3,6,9,5,8,7)	a0.1
1374	(1,2,8,3,3,7,1,6,5)	(1,2,4,3,6,9,7,8,5)	a0.1
1375	(1,2,8,3,3,7,7,3,2)	(1,2,4,3,6,9,7,5,8)	m3.1
1376	(1,2,8,3,3,8,6,2,3)	(1,2,4,3,6,9,8,5,7)	a0.1
1377	(1,2,8,3,8,2,2,8,2)	(1,2,4,3,6,5,7,9,8)	a0.1
1378	(1,2,8,3,8,3,1,7,3)	(1,2,4,3,6,5,8,9,7)	a0.1
1379	(1,2,8,4,1,6,4,6,4)	(1,2,4,3,7,8,5,9,6)	a0.1
1380	(1,2,8,4,1,7,3,5,5)	(1,2,4,3,7,8,6,9,5)	a0.1
1381	(1,2,8,4,2,5,3,7,4)	(1,2,4,3,7,9,5,8,6)	a0.1
1382	(1,2,8,4,2,6,2,6,5)	(1,2,4,3,7,9,6,8,5)	p3.1
1383	(1,2,8,4,2,6,8,3,2)	(1,2,4,3,7,9,6,5,8)	a0.1
1384	(1,2,8,4,2,8,6,1,4)	(1,2,4,3,7,9,8,5,6)	a0.1
1385	(1,2,8,4,7,1,3,8,2)	(1,2,4,3,7,5,6,9,8)	a0.1
1386	(1,2,8,4,7,3,1,6,4)	(1,2,4,3,7,5,8,9,6)	a0.1
1387	(1,2,8,4,7,4,6,2,2)	(1,2,4,3,7,5,9,6,8)	a0.1
1388	(1,2,8,4,8,2,1,5,5)	(1,2,4,3,7,6,8,9,5)	a0.1
1389	(1,2,8,4,8,3,5,3,2)	(1,2,4,3,7,6,9,5,8)	a0.1
1390	(1,2,8,5,1,5,2,8,4)	(1,2,4,3,8,9,5,7,6)	a0.1
1391	(1,2,8,5,1,6,1,7,5)	(1,2,4,3,8,9,6,7,5)	a0.1
1392	(1,2,8,5,1,6,8,2,3)	(1,2,4,3,8,9,6,5,7)	a0.1
1393	(1,2,8,5,1,7,7,1,4)	(1,2,4,3,8,9,7,5,6)	a0.1
1394	(1,2,8,5,6,1,3,7,3)	(1,2,4,3,8,5,6,9,7)	a0.1
1395	(1,2,8,5,6,2,2,6,4)	(1,2,4,3,8,5,7,9,6)	p3.1
1396	(1,2,8,5,6,4,6,1,3)	(1,2,4,3,8,5,9,6,7)	a0.1
1397	(1,2,8,5,7,3,5,2,3)	(1,2,4,3,8,6,9,5,7)	a0.1
1398	(1,2,8,5,8,2,5,1,4)	(1,2,4,3,8,7,9,5,6)	a0.1
1399	(1,2,8,6,5,2,1,7,4)	(1,2,4,3,9,5,7,8,6)	a0.1
1400	(1,2,8,6,5,2,8,2,2)	(1,2,4,3,9,5,7,6,8)	a0.1
1401	(1,2,8,6,5,3,7,1,3)	(1,2,4,3,9,5,8,6,7)	a0.1
1402	(1,2,8,6,6,1,7,3,2)	(1,2,4,3,9,6,7,5,8)	a0.1
1403	(1,2,8,6,6,2,6,2,3)	(1,2,4,3,9,6,8,5,7)	p3.1
1404	(1,2,8,6,7,1,6,1,4)	(1,2,4,3,9,7,8,5,6)	a0.1
1405	(1,3,1,3,3,5,8,6,6)	(1,2,5,6,9,3,8,7,4)	a0.1
1406	(1,3,1,3,4,4,8,5,7)	(1,2,5,6,9,4,8,7,3)	a0.1
1407	(1,3,1,3,4,8,5,8,3)	(1,2,5,6,9,4,3,8,7)	a0.1
1408	(1,3,1,3,7,1,5,8,7)	(1,2,5,6,9,7,8,4,3)	a0.1
1409	(1,3,1,3,7,5,5,5,6)	(1,2,5,6,9,7,3,8,4)	m3.1
1410	(1,3,1,3,7,6,4,4,7)	(1,2,5,6,9,7,4,8,3)	a0.1
1411	(1,3,1,3,7,6,8,5,2)	(1,2,5,6,9,7,4,3,8)	a0.1
1412	(1,3,1,3,8,4,4,6,6)	(1,2,5,6,9,8,3,7,4)	a0.1
1413	(1,3,1,3,8,5,3,5,7)	(1,2,5,6,9,8,4,7,3)	a0.1
1414	(1,3,1,3,8,5,8,4,3)	(1,2,5,6,9,8,4,3,7)	a0.1
1415	(1,3,1,3,8,8,5,1,6)	(1,2,5,6,9,8,7,3,4)	a0.1
1416	(1,3,1,6,1,5,8,8,3)	(1,2,5,6,3,4,9,8,7)	a0.1
1417	(1,3,1,6,4,2,8,5,6)	(1,2,5,6,3,7,9,8,4)	a0.1
1418	(1,3,1,6,4,6,5,8,2)	(1,2,5,6,3,7,4,9,8)	a0.1
1419	(1,3,1,6,5,1,7,6,6)	(1,2,5,6,3,8,9,7,4)	a0.1
1420	(1,3,1,6,5,5,5,7,3)	(1,2,5,6,3,8,4,9,7)	m3.1
1421	(1,3,1,6,5,8,2,4,6)	(1,2,5,6,3,8,7,9,4)	a0.1
1422	(1,3,1,6,6,4,4,8,3)	(1,2,5,6,3,9,4,8,7)	a0.1
1423	(1,3,1,6,6,7,1,5,6)	(1,2,5,6,3,9,7,8,4)	a0.1
1424	(1,3,1,6,6,7,6,4,2)	(1,2,5,6,3,9,7,4,8)	a0.1
1425	(1,3,1,6,6,8,5,3,3)	(1,2,5,6,3,9,8,4,7)	a0.1
1426	(1,3,1,7,3,2,8,4,7)	(1,2,5,6,4,7,9,8,3)	a0.1
1427	(1,3,1,7,3,5,6,8,2)	(1,2,5,6,4,7,3,9,8)	a0.1
1428	(1,3,1,7,4,1,7,5,7)	(1,2,5,6,4,8,9,7,3)	a0.1
1429	(1,3,1,7,4,4,6,7,3)	(1,2,5,6,4,8,3,9,7)	a0.1
1430	(1,3,1,7,4,8,2,3,7)	(1,2,5,6,4,8,7,9,3)	a0.1
1431	(1,3,1,7,5,3,5,8,3)	(1,2,5,6,4,9,3,8,7)	a0.1
1432	(1,3,1,7,5,7,1,4,7)	(1,2,5,6,4,9,7,8,3)	a0.1
1433	(1,3,1,7,5,7,5,5,2)	(1,2,5,6,4,9,7,3,8)	m3.1
1434	(1,3,1,7,5,8,4,4,3)	(1,2,5,6,4,9,8,3,7)	a0.1
1435	(1,3,1,7,8,4,2,8,2)	(1,2,5,6,4,3,7,9,8)	a0.1
1436	(1,3,1,7,8,5,1,7,3)	(1,2,5,6,4,3,8,9,7)	a0.1
1437	(1,3,2,1,4,6,6,7,6)	(1,2,5,7,8,3,9,6,4)	a0.1
1438	(1,3,2,1,5,5,6,6,7)	(1,2,5,7,8,4,9,6,3)	a0.1
1439	(1,3,2,1,5,8,6,6,4)	(1,2,5,7,8,4,3,9,6)	a0.1
1440	(1,3,2,1,7,3,4,8,7)	(1,2,5,7,8,6,9,4,3)	a0.1
1441	(1,3,2,1,7,6,6,4,6)	(1,2,5,7,8,6,3,9,4)	a0.1
1442	(1,3,2,1,7,7,5,3,7)	(1,2,5,7,8,6,4,9,3)	a0.1
1443	(1,3,2,2,3,5,7,7,6)	(1,2,5,7,9,3,8,6,4)	a0.1
1444	(1,3,2,2,4,4,7,6,7)	(1,2,5,7,9,4,8,6,3)	a4.1
1445	(1,3,2,2,4,8,5,7,4)	(1,2,5,7,9,4,3,8,6)	a0.1
1446	(1,3,2,2,6,2,5,8,7)	(1,2,5,7,9,6,8,4,3)	p3.1
1447	(1,3,2,2,6,6,5,5,6)	(1,2,5,7,9,6,3,8,4)	a0.1
1448	(1,3,2,2,6,7,4,4,7)	(1,2,5,7,9,6,4,8,3)	a4.1
1449	(1,3,2,2,6,7,8,5,2)	(1,2,5,7,9,6,4,3,8)	p3.1
1450	(1,3,2,2,8,4,3,7,6)	(1,2,5,7,9,8,3,6,4)	a0.1
1451	(1,3,2,2,8,5,2,6,7)	(1,2,5,7,9,8,4,6,3)	p3.1
1452	(1,3,2,2,8,5,8,3,4)	(1,2,5,7,9,8,4,3,6)	a0.1
1453	(1,3,2,2,8,7,6,1,6)	(1,2,5,7,9,8,6,3,4)	a0.1
1454	(1,3,2,5,1,5,8,7,4)	(1,2,5,7,3,4,9,8,6)	a0.1
1455	(1,3,2,5,3,3,8,5,6)	(1,2,5,7,3,6,9,8,4)	a0.1
1456	(1,3,2,5,3,7,5,8,2)	(1,2,5,7,3,6,4,9,8)	a0.1
1457	(1,3,2,5,5,1,6,7,6)	(1,2,5,7,3,8,9,6,4)	a0.1
1458	(1,3,2,5,5,5,5,6,4)	(1,2,5,7,3,8,4,9,6)	m3.1
1459	(1,3,2,5,5,7,3,4,6)	(1,2,5,7,3,8,6,9,4)	m3.1
1460	(1,3,2,5,6,4,4,7,4)	(1,2,5,7,3,9,4,8,6)	a0.1
1461	(1,3,2,5,6,6,2,5,6)	(1,2,5,7,3,9,6,8,4)	a0.1
1462	(1,3,2,5,6,6,7,4,2)	(1,2,5,7,3,9,6,4,8)	a0.1
1463	(1,3,2,5,6,8,5,2,4)	(1,2,5,7,3,9,8,4,6)	a0.1
1464	(1,3,2,6,2,3,8,4,7)	(1,2,5,7,4,6,9,8,3)	p3.1
1465	(1,3,2,6,2,6,6,8,2)	(1,2,5,7,4,6,3,9,8)	p3.1
1466	(1,3,2,6,4,1,6,6,7)	(1,2,5,7,4,8,9,6,3)	p3.1
1467	(1,3,2,6,4,4,6,6,4)	(1,2,5,7,4,8,3,9,6)	a0.1
1468	(1,3,2,6,4,7,3,3,7)	(1,2,5,7,4,8,6,9,3)	a0.1
1469	(1,3,2,6,5,3,5,7,4)	(1,2,5,7,4,9,3,8,6)	a0.1
1470	(1,3,2,6,5,6,2,4,7)	(1,2,5,7,4,9,6,8,3)	a4.1
1471	(1,3,2,6,5,6,6,5,2)	(1,2,5,7,4,9,6,3,8)	m5.2
1472	(1,3,2,6,5,8,4,3,4)	(1,2,5,7,4,9,8,3,6)	a0.1
1473	(1,3,2,6,8,3,3,8,2)	(1,2,5,7,4,3,6,9,8)	a0.1
1474	(1,3,2,6,8,5,1,6,4)	(1,2,5,7,4,3,8,9,6)	a0.1
1475	(1,3,2,6,8,6,6,2,2)	(1,2,5,7,4,3,9,6,8)	p3.1
1476	(1,3,2,8,2,1,4,8,7)	(1,2,5,7,6,8,9,4,3)	a0.1
1477	(1,3,2,8,2,4,6,4,6)	(1,2,5,7,6,8,3,9,4)	a0.1
1478	(1,3,2,8,2,5,5,3,7)	(1,2,5,7,6,8,4,9,3)	a0.1
1479	(1,3,2,8,3,3,5,5,6)	(1,2,5,7,6,9,3,8,4)	a0.1
1480	(1,3,2,8,3,4,4,4,7)	(1,2,5,7,6,9,4,8,3)	p3.1
1481	(1,3,2,8,3,4,8,5,2)	(1,2,5,7,6,9,4,3,8)	a0.1
1482	(1,3,2,8,3,8,4,1,6)	(1,2,5,7,6,9,8,3,4)	a0.1
1483	(1,3,2,8,6,1,5,8,2)	(1,2,5,7,6,3,4,9,8)	a0.1
1484	(1,3,2,8,6,5,1,4,6)	(1,2,5,7,6,3,8,9,4)	a0.1
1485	(1,3,2,8,6,6,4,4,2)	(1,2,5,7,6,3,9,4,8)	a0.1
1486	(1,3,2,8,7,4,1,3,7)	(1,2,5,7,6,4,8,9,3)	a0.1
1487	(1,3,2,8,7,5,3,5,2)	(1,2,5,7,6,4,9,3,8)	a0.1
1488	(1,3,3,1,3,4,8,7,6)	(1,2,5,8,9,3,7,6,4)	a0.1
1489	(1,3,3,1,4,3,8,6,7)	(1,2,5,8,9,4,7,6,3)	a0.1
1490	(1,3,3,1,4,8,4,8,4)	(1,2,5,8,9,4,3,7,6)	a0.1
1491	(1,3,3,1,6,1,6,8,7)	(1,2,5,8,9,6,7,4,3)	a0.1
1492	(1,3,3,1,6,6,4,6,6)	(1,2,5,8,9,6,3,7,4)	a0.1
1493	(1,3,3,1,6,7,3,5,7)	(1,2,5,8,9,6,4,7,3)	a0.1
1494	(1,3,3,1,6,7,8,4,3)	(1,2,5,8,9,6,4,3,7)	a0.1
1495	(1,3,3,1,7,5,3,7,6)	(1,2,5,8,9,7,3,6,4)	a0.1
1496	(1,3,3,1,7,6,2,6,7)	(1,2,5,8,9,7,4,6,3)	p3.1
1497	(1,3,3,1,7,6,8,3,4)	(1,2,5,8,9,7,4,3,6)	a0.1
1498	(1,3,3,1,7,8,6,1,6)	(1,2,5,8,9,7,6,3,4)	a0.1
1499	(1,3,3,4,1,5,7,8,4)	(1,2,5,8,3,4,9,7,6)	a0.1
1500	(1,3,3,4,3,3,7,6,6)	(1,2,5,8,3,6,9,7,4)	a0.1
1501	(1,3,3,4,3,7,5,7,3)	(1,2,5,8,3,6,4,9,7)	a4.1
1502	(1,3,3,4,4,2,6,7,6)	(1,2,5,8,3,7,9,6,4)	p3.1
1503	(1,3,3,4,4,6,5,6,4)	(1,2,5,8,3,7,4,9,6)	a0.1
1504	(1,3,3,4,4,8,3,4,6)	(1,2,5,8,3,7,6,9,4)	a0.1
1505	(1,3,3,4,6,4,3,8,4)	(1,2,5,8,3,9,4,7,6)	a0.1
1506	(1,3,3,4,6,6,1,6,6)	(1,2,5,8,3,9,6,7,4)	a0.1
1507	(1,3,3,4,6,6,7,3,3)	(1,2,5,8,3,9,6,4,7)	m3.1
1508	(1,3,3,4,6,7,6,2,4)	(1,2,5,8,3,9,7,4,6)	a0.1
1509	(1,3,3,5,2,3,7,5,7)	(1,2,5,8,4,6,9,7,3)	p5.2
1510	(1,3,3,5,2,6,6,7,3)	(1,2,5,8,4,6,3,9,7)	a0.1
1511	(1,3,3,5,3,2,6,6,7)	(1,2,5,8,4,7,9,6,3)	p5.1
1512	(1,3,3,5,3,5,6,6,4)	(1,2,5,8,4,7,3,9,6)	a0.1
1513	(1,3,3,5,3,8,3,3,7)	(1,2,5,8,4,7,6,9,3)	a0.1
1514	(1,3,3,5,5,3,4,8,4)	(1,2,5,8,4,9,3,7,6)	a0.1
1515	(1,3,3,5,5,6,1,5,7)	(1,2,5,8,4,9,6,7,3)	a0.1
1516	(1,3,3,5,5,6,6,4,3)	(1,2,5,8,4,9,6,3,7)	m5.1
1517	(1,3,3,5,5,7,5,3,4)	(1,2,5,8,4,9,7,3,6)	m3.1
1518	(1,3,3,5,8,3,3,7,3)	(1,2,5,8,4,3,6,9,7)	m3.1
1519	(1,3,3,5,8,4,2,6,4)	(1,2,5,8,4,3,7,9,6)	a0.1
1520	(1,3,3,7,1,5,6,4,6)	(1,2,5,8,6,7,3,9,4)	a0.1
1521	(1,3,3,7,1,6,5,3,7)	(1,2,5,8,6,7,4,9,3)	a0.1
1522	(1,3,3,7,3,3,4,6,6)	(1,2,5,8,6,9,3,7,4)	a0.1
1523	(1,3,3,7,3,4,3,5,7)	(1,2,5,8,6,9,4,7,3)	p5.2
1524	(1,3,3,7,3,4,8,4,3)	(1,2,5,8,6,9,4,3,7)	m3.1
1525	(1,3,3,7,3,7,5,1,6)	(1,2,5,8,6,9,7,3,4)	m3.1
1526	(1,3,3,7,6,1,5,7,3)	(1,2,5,8,6,3,4,9,7)	m3.1
1527	(1,3,3,7,6,4,2,4,6)	(1,2,5,8,6,3,7,9,4)	a0.1
1528	(1,3,3,7,6,6,4,3,3)	(1,2,5,8,6,3,9,4,7)	m3.1
1529	(1,3,3,7,7,3,2,3,7)	(1,2,5,8,6,4,7,9,3)	m3.1
1530	(1,3,3,7,7,5,3,4,3)	(1,2,5,8,6,4,9,3,7)	m3.1
1531	(1,3,3,8,2,3,3,7,6)	(1,2,5,8,7,9,3,6,4)	a0.1
1532	(1,3,3,8,2,4,2,6,7)	(1,2,5,8,7,9,4,6,3)	p3.1
1533	(1,3,3,8,2,4,8,3,4)	(1,2,5,8,7,9,4,3,6)	a0.1
1534	(1,3,3,8,2,6,6,1,6)	(1,2,5,8,7,9,6,3,4)	a0.1
1535	(1,3,3,8,5,1,5,6,4)	(1,2,5,8,7,3,4,9,6)	a0.1
1536	(1,3,3,8,5,3,3,4,6)	(1,2,5,8,7,3,6,9,4)	a0.1
1537	(1,3,3,8,5,6,4,2,4)	(1,2,5,8,7,3,9,4,6)	a0.1
1538	(1,3,3,8,6,2,3,3,7)	(1,2,5,8,7,4,6,9,3)	a0.1
1539	(1,3,3,8,6,5,3,3,4)	(1,2,5,8,7,4,9,3,6)	a0.1
1540	(1,3,3,8,8,3,3,1,6)	(1,2,5,8,7,6,9,3,4)	a0.1
1541	(1,3,4,3,1,4,8,8,4)	(1,2,5,9,3,4,8,7,6)	a0.1
1542	(1,3,4,3,3,2,8,6,6)	(1,2,5,9,3,6,8,7,4)	a0.1
1543	(1,3,4,3,3,7,4,8,3)	(1,2,5,9,3,6,4,8,7)	a0.1
1544	(1,3,4,3,4,1,7,7,6)	(1,2,5,9,3,7,8,6,4)	a0.1
1545	(1,3,4,3,4,6,4,7,4)	(1,2,5,9,3,7,4,8,6)	a0.1
1546	(1,3,4,3,4,8,2,5,6)	(1,2,5,9,3,7,6,8,4)	a0.1
1547	(1,3,4,3,4,8,7,4,2)	(1,2,5,9,3,7,6,4,8)	a0.1
1548	(1,3,4,3,5,5,3,8,4)	(1,2,5,9,3,8,4,7,6)	a0.1
1549	(1,3,4,3,5,7,1,6,6)	(1,2,5,9,3,8,6,7,4)	a0.1
1550	(1,3,4,3,5,7,7,3,3)	(1,2,5,9,3,8,6,4,7)	m3.1
1551	(1,3,4,3,5,8,6,2,4)	(1,2,5,9,3,8,7,4,6)	a0.1
1552	(1,3,4,4,2,2,8,5,7)	(1,2,5,9,4,6,8,7,3)	p3.1
1553	(1,3,4,4,2,6,5,8,3)	(1,2,5,9,4,6,3,8,7)	p3.1
1554	(1,3,4,4,3,1,7,6,7)	(1,2,5,9,4,7,8,6,3)	p3.1
1555	(1,3,4,4,3,5,5,7,4)	(1,2,5,9,4,7,3,8,6)	a0.1
1556	(1,3,4,4,3,8,2,4,7)	(1,2,5,9,4,7,6,8,3)	p3.1
1557	(1,3,4,4,3,8,6,5,2)	(1,2,5,9,4,7,6,3,8)	a0.1
1558	(1,3,4,4,4,4,4,8,4)	(1,2,5,9,4,8,3,7,6)	p3.1
1559	(1,3,4,4,4,7,1,5,7)	(1,2,5,9,4,8,6,7,3)	p3.1
1560	(1,3,4,4,4,7,6,4,3)	(1,2,5,9,4,8,6,3,7)	m5.2
1561	(1,3,4,4,4,8,5,3,4)	(1,2,5,9,4,8,7,3,6)	a0.1
1562	(1,3,4,4,8,3,2,8,3)	(1,2,5,9,4,3,6,8,7)	a0.1
1563	(1,3,4,4,8,4,1,7,4)	(1,2,5,9,4,3,7,8,6)	a0.1
1564	(1,3,4,4,8,4,8,2,2)	(1,2,5,9,4,3,7,6,8)	a0.1
1565	(1,3,4,6,1,5,5,5,6)	(1,2,5,9,6,7,3,8,4)	a0.1
1566	(1,3,4,6,1,6,4,4,7)	(1,2,5,9,6,7,4,8,3)	p3.1
1567	(1,3,4,6,1,6,8,5,2)	(1,2,5,9,6,7,4,3,8)	a0.1
1568	(1,3,4,6,2,4,4,6,6)	(1,2,5,9,6,8,3,7,4)	p3.1
1569	(1,3,4,6,2,5,3,5,7)	(1,2,5,9,6,8,4,7,3)	p5.1
1570	(1,3,4,6,2,5,8,4,3)	(1,2,5,9,6,8,4,3,7)	a0.1
1571	(1,3,4,6,2,8,5,1,6)	(1,2,5,9,6,8,7,3,4)	a0.1
1572	(1,3,4,6,6,1,4,8,3)	(1,2,5,9,6,3,4,8,7)	a0.1
1573	(1,3,4,6,6,4,1,5,6)	(1,2,5,9,6,3,7,8,4)	a0.1
1574	(1,3,4,6,6,4,6,4,2)	(1,2,5,9,6,3,7,4,8)	m8.19
1575	(1,3,4,6,6,5,5,3,3)	(1,2,5,9,6,3,8,4,7)	m5.1
1576	(1,3,4,6,7,3,1,4,7)	(1,2,5,9,6,4,7,8,3)	a0.1
1577	(1,3,4,6,7,3,5,5,2)	(1,2,5,9,6,4,7,3,8)	m5.1
1578	(1,3,4,6,7,4,4,4,3)	(1,2,5,9,6,4,8,3,7)	m5.2
1579	(1,3,4,7,1,4,3,7,6)	(1,2,5,9,7,8,3,6,4)	a0.1
1580	(1,3,4,7,1,5,2,6,7)	(1,2,5,9,7,8,4,6,3)	p3.1
1581	(1,3,4,7,1,5,8,3,4)	(1,2,5,9,7,8,4,3,6)	a0.1
1582	(1,3,4,7,1,7,6,1,6)	(1,2,5,9,7,8,6,3,4)	a0.1
1583	(1,3,4,7,5,1,4,7,4)	(1,2,5,9,7,3,4,8,6)	a0.1
1584	(1,3,4,7,5,3,2,5,6)	(1,2,5,9,7,3,6,8,4)	a0.1
1585	(1,3,4,7,5,3,7,4,2)	(1,2,5,9,7,3,6,4,8)	m5.1
1586	(1,3,4,7,5,5,5,2,4)	(1,2,5,9,7,3,8,4,6)	m3.1
1587	(1,3,4,7,6,2,2,4,7)	(1,2,5,9,7,4,6,8,3)	a4.1
1588	(1,3,4,7,6,2,6,5,2)	(1,2,5,9,7,4,6,3,8)	m5.2
1589	(1,3,4,7,6,4,4,3,4)	(1,2,5,9,7,4,8,3,6)	a0.1
1590	(1,3,4,7,6,8,3,2,2)	(1,2,5,9,7,4,3,6,8)	a0.1
1591	(1,3,4,7,8,2,4,1,6)	(1,2,5,9,7,6,8,3,4)	a0.1
1592	(1,3,4,7,8,6,1,4,2)	(1,2,5,9,7,6,3,4,8)	a0.1
1593	(1,3,4,8,4,1,3,8,4)	(1,2,5,9,8,3,4,7,6)	a0.1
1594	(1,3,4,8,4,3,1,6,6)	(1,2,5,9,8,3,6,7,4)	a0.1
1595	(1,3,4,8,4,3,7,3,3)	(1,2,5,9,8,3,6,4,7)	m3.1
1596	(1,3,4,8,4,4,6,2,4)	(1,2,5,9,8,3,7,4,6)	a0.1
1597	(1,3,4,8,5,2,1,5,7)	(1,2,5,9,8,4,6,7,3)	a0.1
1598	(1,3,4,8,5,2,6,4,3)	(1,2,5,9,8,4,6,3,7)	a0.1
1599	(1,3,4,8,5,3,5,3,4)	(1,2,5,9,8,4,7,3,6)	a0.1
1600	(1,3,4,8,7,1,5,1,6)	(1,2,5,9,8,6,7,3,4)	a0.1
1601	(1,3,7,1,3,8,3,8,2)	(1,2,5,3,4,7,6,9,8)	a0.1
1602	(1,3,7,1,4,1,7,8,4)	(1,2,5,3,4,8,9,7,6)	a0.1
1603	(1,3,7,1,4,7,3,7,3)	(1,2,5,3,4,8,6,9,7)	m3.1
1604	(1,3,7,1,4,8,2,6,4)	(1,2,5,3,4,8,7,9,6)	a0.1
1605	(1,3,7,1,5,6,2,8,3)	(1,2,5,3,4,9,6,8,7)	a0.1
1606	(1,3,7,1,5,7,1,7,4)	(1,2,5,3,4,9,7,8,6)	a0.1
1607	(1,3,7,1,5,7,8,2,2)	(1,2,5,3,4,9,7,6,8)	a0.1
1608	(1,3,7,3,1,6,5,8,2)	(1,2,5,3,6,7,4,9,8)	a0.1
1609	(1,3,7,3,2,1,7,6,6)	(1,2,5,3,6,8,9,7,4)	a0.1
1610	(1,3,7,3,2,5,5,7,3)	(1,2,5,3,6,8,4,9,7)	a4.1
1611	(1,3,7,3,2,8,2,4,6)	(1,2,5,3,6,8,7,9,4)	a0.1
1612	(1,3,7,3,3,4,4,8,3)	(1,2,5,3,6,9,4,8,7)	a0.1
1613	(1,3,7,3,3,7,1,5,6)	(1,2,5,3,6,9,7,8,4)	a0.1
1614	(1,3,7,3,3,7,6,4,2)	(1,2,5,3,6,9,7,4,8)	m5.1
1615	(1,3,7,3,3,8,5,3,3)	(1,2,5,3,6,9,8,4,7)	m3.1
1616	(1,3,7,3,7,3,2,8,2)	(1,2,5,3,6,4,7,9,8)	m3.1
1617	(1,3,7,3,7,4,1,7,3)	(1,2,5,3,6,4,8,9,7)	m3.1
1618	(1,3,7,4,1,5,5,6,4)	(1,2,5,3,7,8,4,9,6)	a0.1
1619	(1,3,7,4,1,7,3,4,6)	(1,2,5,3,7,8,6,9,4)	a0.1
1620	(1,3,7,4,2,4,4,7,4)	(1,2,5,3,7,9,4,8,6)	p3.1
1621	(1,3,7,4,2,6,2,5,6)	(1,2,5,3,7,9,6,8,4)	p3.1
1622	(1,3,7,4,2,6,7,4,2)	(1,2,5,3,7,9,6,4,8)	m5.2
1623	(1,3,7,4,2,8,5,2,4)	(1,2,5,3,7,9,8,4,6)	a0.1
1624	(1,3,7,4,6,2,3,8,2)	(1,2,5,3,7,4,6,9,8)	a0.1
1625	(1,3,7,4,6,4,1,6,4)	(1,2,5,3,7,4,8,9,6)	a0.1
1626	(1,3,7,4,6,5,6,2,2)	(1,2,5,3,7,4,9,6,8)	m5.2
1627	(1,3,7,4,8,2,1,4,6)	(1,2,5,3,7,6,8,9,4)	a0.1
1628	(1,3,7,4,8,3,4,4,2)	(1,2,5,3,7,6,9,4,8)	a0.1
1629	(1,3,7,5,1,4,3,8,4)	(1,2,5,3,8,9,4,7,6)	a0.1
1630	(1,3,7,5,1,6,1,6,6)	(1,2,5,3,8,9,6,7,4)	a0.1
1631	(1,3,7,5,1,6,7,3,3)	(1,2,5,3,8,9,6,4,7)	m3.1
1632	(1,3,7,5,1,7,6,2,4)	(1,2,5,3,8,9,7,4,6)	a0.1
1633	(1,3,7,5,5,2,3,7,3)	(1,2,5,3,8,4,6,9,7)	a4.1
1634	(1,3,7,5,5,3,2,6,4)	(1,2,5,3,8,4,7,9,6)	a0.1
1635	(1,3,7,5,7,3,4,3,3)	(1,2,5,3,8,6,9,4,7)	a4.1
1636	(1,3,7,5,8,2,4,2,4)	(1,2,5,3,8,7,9,4,6)	a0.1
1637	(1,3,7,6,4,2,2,8,3)	(1,2,5,3,9,4,6,8,7)	a0.1
1638	(1,3,7,6,4,3,1,7,4)	(1,2,5,3,9,4,7,8,6)	a0.1
1639	(1,3,7,6,4,3,8,2,2)	(1,2,5,3,9,4,7,6,8)	a0.1
1640	(1,3,7,6,6,1,6,4,2)	(1,2,5,3,9,6,7,4,8)	a0.1
1641	(1,3,7,6,6,2,5,3,3)	(1,2,5,3,9,6,8,4,7)	a0.1
1642	(1,3,7,6,7,1,5,2,4)	(1,2,5,3,9,7,8,4,6)	a0.1
1643	(1,3,7,6,7,6,2,2,2)	(1,2,5,3,9,7,4,6,8)	p3.1
1644	(1,3,8,2,1,5,6,8,2)	(1,2,5,4,6,7,3,9,8)	a0.1
1645	(1,3,8,2,2,1,7,5,7)	(1,2,5,4,6,8,9,7,3)	a0.1
1646	(1,3,8,2,2,4,6,7,3)	(1,2,5,4,6,8,3,9,7)	a0.1
1647	(1,3,8,2,2,8,2,3,7)	(1,2,5,4,6,8,7,9,3)	a0.1
1648	(1,3,8,2,3,3,5,8,3)	(1,2,5,4,6,9,3,8,7)	a0.1
1649	(1,3,8,2,3,7,1,4,7)	(1,2,5,4,6,9,7,8,3)	a0.1
1650	(1,3,8,2,3,7,5,5,2)	(1,2,5,4,6,9,7,3,8)	m3.1
1651	(1,3,8,2,3,8,4,4,3)	(1,2,5,4,6,9,8,3,7)	a0.1
1652	(1,3,8,2,6,4,2,8,2)	(1,2,5,4,6,3,7,9,8)	a0.1
1653	(1,3,8,2,6,5,1,7,3)	(1,2,5,4,6,3,8,9,7)	a0.1
1654	(1,3,8,3,1,4,6,6,4)	(1,2,5,4,7,8,3,9,6)	a0.1
1655	(1,3,8,3,1,7,3,3,7)	(1,2,5,4,7,8,6,9,3)	a0.1
1656	(1,3,8,3,2,3,5,7,4)	(1,2,5,4,7,9,3,8,6)	a0.1
1657	(1,3,8,3,2,6,2,4,7)	(1,2,5,4,7,9,6,8,3)	p3.1
1658	(1,3,8,3,2,6,6,5,2)	(1,2,5,4,7,9,6,3,8)	a0.1
1659	(1,3,8,3,2,8,4,3,4)	(1,2,5,4,7,9,8,3,6)	a0.1
1660	(1,3,8,3,5,3,3,8,2)	(1,2,5,4,7,3,6,9,8)	a0.1
1661	(1,3,8,3,5,5,1,6,4)	(1,2,5,4,7,3,8,9,6)	a0.1
1662	(1,3,8,3,5,6,6,2,2)	(1,2,5,4,7,3,9,6,8)	a0.1
1663	(1,3,8,3,8,3,3,5,2)	(1,2,5,4,7,6,9,3,8)	a0.1
1664	(1,3,8,4,1,6,1,5,7)	(1,2,5,4,8,9,6,7,3)	a0.1
1665	(1,3,8,4,1,6,6,4,3)	(1,2,5,4,8,9,6,3,7)	a0.1
1666	(1,3,8,4,1,7,5,3,4)	(1,2,5,4,8,9,7,3,6)	a0.1
1667	(1,3,8,4,4,3,3,7,3)	(1,2,5,4,8,3,6,9,7)	a0.1
1668	(1,3,8,4,4,4,2,6,4)	(1,2,5,4,8,3,7,9,6)	p3.1
1669	(1,3,8,4,7,3,3,4,3)	(1,2,5,4,8,6,9,3,7)	a0.1
1670	(1,3,8,4,8,2,3,3,4)	(1,2,5,4,8,7,9,3,6)	a0.1
1671	(1,3,8,5,3,3,2,8,3)	(1,2,5,4,9,3,6,8,7)	a0.1
1672	(1,3,8,5,3,4,1,7,4)	(1,2,5,4,9,3,7,8,6)	a0.1
1673	(1,3,8,5,3,4,8,2,2)	(1,2,5,4,9,3,7,6,8)	a0.1
1674	(1,3,8,5,6,1,5,5,2)	(1,2,5,4,9,6,7,3,8)	a0.1
1675	(1,3,8,5,6,2,4,4,3)	(1,2,5,4,9,6,8,3,7)	p3.1
1676	(1,3,8,5,7,1,4,3,4)	(1,2,5,4,9,7,8,3,6)	a0.1
1677	(1,3,8,5,7,5,3,2,2)	(1,2,5,4,9,7,3,6,8)	a0.1
1678	(1,3,8,8,3,2,1,7,3)	(1,2,5,4,3,6,8,9,7)	a0.1
1679	(1,3,8,8,4,2,6,2,2)	(1,2,5,4,3,7,9,6,8)	p3.1
1680	(1,4,1,5,1,5,8,6,5)	(1,2,6,7,3,4,9,8,5)	a0.1
1681	(1,4,1,5,2,4,8,5,6)	(1,2,6,7,3,5,9,8,4)	a0.1
1682	(1,4,1,5,2,8,5,8,2)	(1,2,6,7,3,5,4,9,8)	a0.1
1683	(1,4,1,5,5,1,5,8,6)	(1,2,6,7,3,8,9,5,4)	a0.1
1684	(1,4,1,5,5,5,5,5,5)	(1,2,6,7,3,8,4,9,5)	m3.1
1685	(1,4,1,5,5,6,4,4,6)	(1,2,6,7,3,8,5,9,4)	a0.1
1686	(1,4,1,5,6,4,4,6,5)	(1,2,6,7,3,9,4,8,5)	a0.1
1687	(1,4,1,5,6,5,3,5,6)	(1,2,6,7,3,9,5,8,4)	a0.1
1688	(1,4,1,5,6,5,8,4,2)	(1,2,6,7,3,9,5,4,8)	a0.1
1689	(1,4,1,5,6,8,5,1,5)	(1,2,6,7,3,9,8,4,5)	a0.1
1690	(1,4,1,6,1,4,8,4,7)	(1,2,6,7,4,5,9,8,3)	a0.1
1691	(1,4,1,6,1,7,6,8,2)	(1,2,6,7,4,5,3,9,8)	a0.1
1692	(1,4,1,6,4,1,5,7,7)	(1,2,6,7,4,8,9,5,3)	a0.1
1693	(1,4,1,6,4,4,6,5,5)	(1,2,6,7,4,8,3,9,5)	a0.1
1694	(1,4,1,6,4,6,4,3,7)	(1,2,6,7,4,8,5,9,3)	a0.1
1695	(1,4,1,6,5,3,5,6,5)	(1,2,6,7,4,9,3,8,5)	a0.1
1696	(1,4,1,6,5,5,3,4,7)	(1,2,6,7,4,9,5,8,3)	a0.1
1697	(1,4,1,6,5,5,7,5,2)	(1,2,6,7,4,9,5,3,8)	m3.1
1698	(1,4,1,6,5,8,4,2,5)	(1,2,6,7,4,9,8,3,5)	a0.1
1699	(1,4,1,6,8,2,4,8,2)	(1,2,6,7,4,3,5,9,8)	a0.1
1700	(1,4,1,6,8,5,1,5,5)	(1,2,6,7,4,3,8,9,5)	a0.1
1701	(1,4,1,6,8,6,5,3,2)	(1,2,6,7,4,3,9,5,8)	a0.1
1702	(1,4,1,7,3,1,4,8,7)	(1,2,6,7,5,8,9,4,3)	a0.1
1703	(1,4,1,7,3,4,6,4,6)	(1,2,6,7,5,8,3,9,4)	a0.1
1704	(1,4,1,7,3,5,5,3,7)	(1,2,6,7,5,8,4,9,3)	a0.1
1705	(1,4,1,7,4,3,5,5,6)	(1,2,6,7,5,9,3,8,4)	a0.1
1706	(1,4,1,7,4,4,4,4,7)	(1,2,6,7,5,9,4,8,3)	p3.1
1707	(1,4,1,7,4,4,8,5,2)	(1,2,6,7,5,9,4,3,8)	a0.1
1708	(1,4,1,7,4,8,4,1,6)	(1,2,6,7,5,9,8,3,4)	a0.1
1709	(1,4,1,7,7,1,5,8,2)	(1,2,6,7,5,3,4,9,8)	a0.1
1710	(1,4,1,7,7,5,1,4,6)	(1,2,6,7,5,3,8,9,4)	a0.1
1711	(1,4,1,7,7,6,4,4,2)	(1,2,6,7,5,3,9,4,8)	a0.1
1712	(1,4,1,7,8,5,3,5,2)	(1,2,6,7,5,4,9,3,8)	a0.1
1713	(1,4,2,1,4,3,7,7,7)	(1,2,6,8,9,4,7,5,3)	m3.1
1714	(1,4,2,1,4,8,4,7,5)	(1,2,6,8,9,4,3,7,5)	a0.1
1715	(1,4,2,1,5,2,6,8,7)	(1,2,6,8,9,5,7,4,3)	a0.1
1716	(1,4,2,1,5,7,4,6,6)	(1,2,6,8,9,5,3,7,4)	a0.1
1717	(1,4,2,1,5,8,3,5,7)	(1,2,6,8,9,5,4,7,3)	a0.1
1718	(1,4,2,1,5,8,8,4,3)	(1,2,6,8,9,5,4,3,7)	a0.1
1719	(1,4,2,1,7,5,2,8,6)	(1,2,6,8,9,7,3,5,4)	a0.1
1720	(1,4,2,1,7,6,1,7,7)	(1,2,6,8,9,7,4,5,3)	a0.1
1721	(1,4,2,1,7,6,8,2,5)	(1,2,6,8,9,7,4,3,5)	a0.1
1722	(1,4,2,1,7,7,7,1,6)	(1,2,6,8,9,7,5,3,4)	a0.1
1723	(1,4,2,4,1,5,7,7,5)	(1,2,6,8,3,4,9,7,5)	a0.1
1724	(1,4,2,4,2,4,7,6,6)	(1,2,6,8,3,5,9,7,4)	a4.1
1725	(1,4,2,4,2,8,5,7,3)	(1,2,6,8,3,5,4,9,7)	a0.1
1726	(1,4,2,4,4,2,5,8,6)	(1,2,6,8,3,7,9,5,4)	p3.1
1727	(1,4,2,4,4,6,5,5,5)	(1,2,6,8,3,7,4,9,5)	a0.1
1728	(1,4,2,4,4,7,4,4,6)	(1,2,6,8,3,7,5,9,4)	a4.1
1729	(1,4,2,4,6,4,3,7,5)	(1,2,6,8,3,9,4,7,5)	a0.1
1730	(1,4,2,4,6,5,2,6,6)	(1,2,6,8,3,9,5,7,4)	p3.1
1731	(1,4,2,4,6,5,8,3,3)	(1,2,6,8,3,9,5,4,7)	a0.1
1732	(1,4,2,4,6,7,6,1,5)	(1,2,6,8,3,9,7,4,5)	a0.1
1733	(1,4,2,5,1,4,7,5,7)	(1,2,6,8,4,5,9,7,3)	a0.1
1734	(1,4,2,5,1,7,6,7,3)	(1,2,6,8,4,5,3,9,7)	a0.1
1735	(1,4,2,5,3,2,5,7,7)	(1,2,6,8,4,7,9,5,3)	p5.2
1736	(1,4,2,5,3,5,6,5,5)	(1,2,6,8,4,7,3,9,5)	a0.1
1737	(1,4,2,5,3,7,4,3,7)	(1,2,6,8,4,7,5,9,3)	a0.1
1738	(1,4,2,5,5,3,4,7,5)	(1,2,6,8,4,9,3,7,5)	a0.1
1739	(1,4,2,5,5,5,2,5,7)	(1,2,6,8,4,9,5,7,3)	p5.2
1740	(1,4,2,5,5,5,7,4,3)	(1,2,6,8,4,9,5,3,7)	m3.1
1741	(1,4,2,5,5,7,5,2,5)	(1,2,6,8,4,9,7,3,5)	m3.1
1742	(1,4,2,5,8,2,4,7,3)	(1,2,6,8,4,3,5,9,7)	a0.1
1743	(1,4,2,5,8,4,2,5,5)	(1,2,6,8,4,3,7,9,5)	a0.1
1744	(1,4,2,5,8,6,5,2,3)	(1,2,6,8,4,3,9,5,7)	a0.1
1745	(1,4,2,6,2,2,4,8,7)	(1,2,6,8,5,7,9,4,3)	p3.1
1746	(1,4,2,6,2,5,6,4,6)	(1,2,6,8,5,7,3,9,4)	p3.1
1747	(1,4,2,6,2,6,5,3,7)	(1,2,6,8,5,7,4,9,3)	p3.1
1748	(1,4,2,6,4,3,4,6,6)	(1,2,6,8,5,9,3,7,4)	p3.1
1749	(1,4,2,6,4,4,3,5,7)	(1,2,6,8,5,9,4,7,3)	p5.1
1750	(1,4,2,6,4,4,8,4,3)	(1,2,6,8,5,9,4,3,7)	a0.1
1751	(1,4,2,6,4,7,5,1,6)	(1,2,6,8,5,9,7,3,4)	a0.1
1752	(1,4,2,6,7,1,5,7,3)	(1,2,6,8,5,3,4,9,7)	a0.1
1753	(1,4,2,6,7,4,2,4,6)	(1,2,6,8,5,3,7,9,4)	a4.1
1754	(1,4,2,6,7,6,4,3,3)	(1,2,6,8,5,3,9,4,7)	a0.1
1755	(1,4,2,6,8,3,2,3,7)	(1,2,6,8,5,4,7,9,3)	a0.1
1756	(1,4,2,6,8,5,3,4,3)	(1,2,6,8,5,4,9,3,7)	a0.1
1757	(1,4,2,8,2,3,2,8,6)	(1,2,6,8,7,9,3,5,4)	a0.1
1758	(1,4,2,8,2,4,1,7,7)	(1,2,6,8,7,9,4,5,3)	a0.1
1759	(1,4,2,8,2,4,8,2,5)	(1,2,6,8,7,9,4,3,5)	a0.1
1760	(1,4,2,8,2,5,7,1,6)	(1,2,6,8,7,9,5,3,4)	a0.1
1761	(1,4,2,8,5,1,5,5,5)	(1,2,6,8,7,3,4,9,5)	a0.1
1762	(1,4,2,8,5,2,4,4,6)	(1,2,6,8,7,3,5,9,4)	p3.1
1763	(1,4,2,8,5,6,4,1,5)	(1,2,6,8,7,3,9,4,5)	a0.1
1764	(1,4,2,8,6,1,4,3,7)	(1,2,6,8,7,4,5,9,3)	a0.1
1765	(1,4,2,8,6,5,3,2,5)	(1,2,6,8,7,4,9,3,5)	a0.1
1766	(1,4,2,8,7,4,3,1,6)	(1,2,6,8,7,5,9,3,4)	a0.1
1767	(1,4,3,3,1,4,8,7,5)	(1,2,6,9,3,4,8,7,5)	a0.1
1768	(1,4,3,3,2,3,8,6,6)	(1,2,6,9,3,5,8,7,4)	a0.1
1769	(1,4,3,3,2,8,4,8,3)	(1,2,6,9,3,5,4,8,7)	a0.1
1770	(1,4,3,3,4,1,6,8,6)	(1,2,6,9,3,7,8,5,4)	a0.1
1771	(1,4,3,3,4,6,4,6,5)	(1,2,6,9,3,7,4,8,5)	a0.1
1772	(1,4,3,3,4,7,3,5,6)	(1,2,6,9,3,7,5,8,4)	a0.1
1773	(1,4,3,3,4,7,8,4,2)	(1,2,6,9,3,7,5,4,8)	a0.1
1774	(1,4,3,3,5,5,3,7,5)	(1,2,6,9,3,8,4,7,5)	a0.1
1775	(1,4,3,3,5,6,2,6,6)	(1,2,6,9,3,8,5,7,4)	p3.1
1776	(1,4,3,3,5,6,8,3,3)	(1,2,6,9,3,8,5,4,7)	a0.1
1777	(1,4,3,3,5,8,6,1,5)	(1,2,6,9,3,8,7,4,5)	a0.1
1778	(1,4,3,4,1,7,5,8,3)	(1,2,6,9,4,5,3,8,7)	a0.1
1779	(1,4,3,4,3,1,6,7,7)	(1,2,6,9,4,7,8,5,3)	a0.1
1780	(1,4,3,4,3,5,5,6,5)	(1,2,6,9,4,7,3,8,5)	a0.1
1781	(1,4,3,4,3,7,3,4,7)	(1,2,6,9,4,7,5,8,3)	p5.2
1782	(1,4,3,4,3,7,7,5,2)	(1,2,6,9,4,7,5,3,8)	a4.1
1783	(1,4,3,4,4,4,4,7,5)	(1,2,6,9,4,8,3,7,5)	p3.1
1784	(1,4,3,4,4,6,2,5,7)	(1,2,6,9,4,8,5,7,3)	p5.1
1785	(1,4,3,4,4,6,7,4,3)	(1,2,6,9,4,8,5,3,7)	a0.1
1786	(1,4,3,4,4,8,5,2,5)	(1,2,6,9,4,8,7,3,5)	a0.1
1787	(1,4,3,4,8,2,3,8,3)	(1,2,6,9,4,3,5,8,7)	a0.1
1788	(1,4,3,4,8,4,1,6,5)	(1,2,6,9,4,3,7,8,5)	a0.1
1789	(1,4,3,4,8,4,7,3,2)	(1,2,6,9,4,3,7,5,8)	m3.1
1790	(1,4,3,4,8,5,6,2,3)	(1,2,6,9,4,3,8,5,7)	a0.1
1791	(1,4,3,5,2,1,5,8,7)	(1,2,6,9,5,7,8,4,3)	a0.1
1792	(1,4,3,5,2,5,5,5,6)	(1,2,6,9,5,7,3,8,4)	p5.2
1793	(1,4,3,5,2,6,4,4,7)	(1,2,6,9,5,7,4,8,3)	p5.1
1794	(1,4,3,5,2,6,8,5,2)	(1,2,6,9,5,7,4,3,8)	a0.1
1795	(1,4,3,5,3,4,4,6,6)	(1,2,6,9,5,8,3,7,4)	p5.1
1796	(1,4,3,5,3,5,3,5,7)	(1,2,6,9,5,8,4,7,3)	p8.19
1797	(1,4,3,5,3,5,8,4,3)	(1,2,6,9,5,8,4,3,7)	a0.1
1798	(1,4,3,5,3,8,5,1,6)	(1,2,6,9,5,8,7,3,4)	a0.1
1799	(1,4,3,5,7,1,4,8,3)	(1,2,6,9,5,3,4,8,7)	a0.1
1800	(1,4,3,5,7,4,1,5,6)	(1,2,6,9,5,3,7,8,4)	a0.1
1801	(1,4,3,5,7,4,6,4,2)	(1,2,6,9,5,3,7,4,8)	m5.1
1802	(1,4,3,5,7,5,5,3,3)	(1,2,6,9,5,3,8,4,7)	m3.1
1803	(1,4,3,5,8,3,1,4,7)	(1,2,6,9,5,4,7,8,3)	a0.1
1804	(1,4,3,5,8,3,5,5,2)	(1,2,6,9,5,4,7,3,8)	m3.1
1805	(1,4,3,5,8,4,4,4,3)	(1,2,6,9,5,4,8,3,7)	a0.1
1806	(1,4,3,7,1,5,1,7,7)	(1,2,6,9,7,8,4,5,3)	a0.1
1807	(1,4,3,7,1,5,8,2,5)	(1,2,6,9,7,8,4,3,5)	a0.1
1808	(1,4,3,7,1,6,7,1,6)	(1,2,6,9,7,8,5,3,4)	a0.1
1809	(1,4,3,7,5,1,4,6,5)	(1,2,6,9,7,3,4,8,5)	a0.1
1810	(1,4,3,7,5,2,3,5,6)	(1,2,6,9,7,3,5,8,4)	p5.2
1811	(1,4,3,7,5,2,8,4,2)	(1,2,6,9,7,3,5,4,8)	m3.1
1812	(1,4,3,7,5,5,5,1,5)	(1,2,6,9,7,3,8,4,5)	m3.1
1813	(1,4,3,7,6,1,7,5,2)	(1,2,6,9,7,4,5,3,8)	m3.1
1814	(1,4,3,7,6,4,4,2,5)	(1,2,6,9,7,4,8,3,5)	a0.1
1815	(1,4,3,7,6,8,2,3,2)	(1,2,6,9,7,4,3,5,8)	m3.1
1816	(1,4,3,7,7,3,4,1,6)	(1,2,6,9,7,5,8,3,4)	m3.1
1817	(1,4,3,8,4,2,2,6,6)	(1,2,6,9,8,3,5,7,4)	p3.1
1818	(1,4,3,8,4,2,8,3,3)	(1,2,6,9,8,3,5,4,7)	a0.1
1819	(1,4,3,8,4,4,6,1,5)	(1,2,6,9,8,3,7,4,5)	a0.1
1820	(1,4,3,8,5,1,7,4,3)	(1,2,6,9,8,4,5,3,7)	a0.1
1821	(1,4,3,8,5,3,5,2,5)	(1,2,6,9,8,4,7,3,5)	a0.1
1822	(1,4,3,8,5,8,2,2,3)	(1,2,6,9,8,4,3,5,7)	a0.1
1823	(1,4,3,8,6,2,5,1,6)	(1,2,6,9,8,5,7,3,4)	a0.1
1824	(1,4,6,1,4,6,4,7,3)	(1,2,6,3,4,8,5,9,7)	a0.1
1825	(1,4,6,1,4,8,2,5,5)	(1,2,6,3,4,8,7,9,5)	a0.1
1826	(1,4,6,1,5,5,3,8,3)	(1,2,6,3,4,9,5,8,7)	a0.1
1827	(1,4,6,1,5,7,1,6,5)	(1,2,6,3,4,9,7,8,5)	a0.1
1828	(1,4,6,1,5,7,7,3,2)	(1,2,6,3,4,9,7,5,8)	m3.1
1829	(1,4,6,1,5,8,6,2,3)	(1,2,6,3,4,9,8,5,7)	a0.1
1830	(1,4,6,2,2,2,8,5,6)	(1,2,6,3,5,7,9,8,4)	p3.1
1831	(1,4,6,2,2,6,5,8,2)	(1,2,6,3,5,7,4,9,8)	p3.1
1832	(1,4,6,2,3,1,7,6,6)	(1,2,6,3,5,8,9,7,4)	p3.1
1833	(1,4,6,2,3,5,5,7,3)	(1,2,6,3,5,8,4,9,7)	a0.1
1834	(1,4,6,2,3,8,2,4,6)	(1,2,6,3,5,8,7,9,4)	p3.1
1835	(1,4,6,2,4,4,4,8,3)	(1,2,6,3,5,9,4,8,7)	p3.1
1836	(1,4,6,2,4,7,1,5,6)	(1,2,6,3,5,9,7,8,4)	p3.1
1837	(1,4,6,2,4,7,6,4,2)	(1,2,6,3,5,9,7,4,8)	m5.2
1838	(1,4,6,2,4,8,5,3,3)	(1,2,6,3,5,9,8,4,7)	a0.1
1839	(1,4,6,2,8,3,2,8,2)	(1,2,6,3,5,4,7,9,8)	a0.1
1840	(1,4,6,2,8,4,1,7,3)	(1,2,6,3,5,4,8,9,7)	a0.1
1841	(1,4,6,4,1,5,5,5,5)	(1,2,6,3,7,8,4,9,5)	a0.1
1842	(1,4,6,4,1,6,4,4,6)	(1,2,6,3,7,8,5,9,4)	p3.1
1843	(1,4,6,4,2,4,4,6,5)	(1,2,6,3,7,9,4,8,5)	p3.1
1844	(1,4,6,4,2,5,3,5,6)	(1,2,6,3,7,9,5,8,4)	p5.1
1845	(1,4,6,4,2,5,8,4,2)	(1,2,6,3,7,9,5,4,8)	a0.1
1846	(1,4,6,4,2,8,5,1,5)	(1,2,6,3,7,9,8,4,5)	a0.1
1847	(1,4,6,4,6,1,4,8,2)	(1,2,6,3,7,4,5,9,8)	a0.1
1848	(1,4,6,4,6,4,1,5,5)	(1,2,6,3,7,4,8,9,5)	a0.1
1849	(1,4,6,4,6,5,5,3,2)	(1,2,6,3,7,4,9,5,8)	m5.1
1850	(1,4,6,4,7,4,4,4,2)	(1,2,6,3,7,5,9,4,8)	m5.2
1851	(1,4,6,5,1,5,2,6,6)	(1,2,6,3,8,9,5,7,4)	p3.1
1852	(1,4,6,5,1,5,8,3,3)	(1,2,6,3,8,9,5,4,7)	a0.1
1853	(1,4,6,5,1,7,6,1,5)	(1,2,6,3,8,9,7,4,5)	a0.1
1854	(1,4,6,5,5,1,4,7,3)	(1,2,6,3,8,4,5,9,7)	a0.1
1855	(1,4,6,5,5,3,2,5,5)	(1,2,6,3,8,4,7,9,5)	a0.1
1856	(1,4,6,5,5,5,5,2,3)	(1,2,6,3,8,4,9,5,7)	m3.1
1857	(1,4,6,5,6,2,2,4,6)	(1,2,6,3,8,5,7,9,4)	a4.1
1858	(1,4,6,5,6,4,4,3,3)	(1,2,6,3,8,5,9,4,7)	a0.1
1859	(1,4,6,5,8,2,4,1,5)	(1,2,6,3,8,7,9,4,5)	a0.1
1860	(1,4,6,6,4,3,1,6,5)	(1,2,6,3,9,4,7,8,5)	a0.1
1861	(1,4,6,6,4,3,7,3,2)	(1,2,6,3,9,4,7,5,8)	m3.1
1862	(1,4,6,6,4,4,6,2,3)	(1,2,6,3,9,4,8,5,7)	a0.1
1863	(1,4,6,6,5,2,1,5,6)	(1,2,6,3,9,5,7,8,4)	a0.1
1864	(1,4,6,6,5,2,6,4,2)	(1,2,6,3,9,5,7,4,8)	a0.1
1865	(1,4,6,6,5,3,5,3,3)	(1,2,6,3,9,5,8,4,7)	a0.1
1866	(1,4,6,6,7,1,5,1,5)	(1,2,6,3,9,7,8,4,5)	a0.1
1867	(1,4,7,1,4,7,1,4,7)	(1,2,6,4,5,9,7,8,3)	a0.1
1868	(1,4,7,1,4,7,5,5,2)	(1,2,6,4,5,9,7,3,8)	m3.1
1869	(1,4,7,1,4,8,4,4,3)	(1,2,6,4,5,9,8,3,7)	a0.1
1870	(1,4,7,1,7,4,2,8,2)	(1,2,6,4,5,3,7,9,8)	a0.1
1871	(1,4,7,1,7,5,1,7,3)	(1,2,6,4,5,3,8,9,7)	a0.1
1872	(1,4,7,3,1,6,4,3,7)	(1,2,6,4,7,8,5,9,3)	a0.1
1873	(1,4,7,3,2,3,5,6,5)	(1,2,6,4,7,9,3,8,5)	a0.1
1874	(1,4,7,3,2,5,3,4,7)	(1,2,6,4,7,9,5,8,3)	p5.2
1875	(1,4,7,3,2,5,7,5,2)	(1,2,6,4,7,9,5,3,8)	a4.1
1876	(1,4,7,3,2,8,4,2,5)	(1,2,6,4,7,9,8,3,5)	a0.1
1877	(1,4,7,3,5,2,4,8,2)	(1,2,6,4,7,3,5,9,8)	a0.1
1878	(1,4,7,3,5,5,1,5,5)	(1,2,6,4,7,3,8,9,5)	a0.1
1879	(1,4,7,3,5,6,5,3,2)	(1,2,6,4,7,3,9,5,8)	m3.1
1880	(1,4,7,3,7,4,3,5,2)	(1,2,6,4,7,5,9,3,8)	m3.1
1881	(1,4,7,4,1,5,2,5,7)	(1,2,6,4,8,9,5,7,3)	a0.1
1882	(1,4,7,4,1,5,7,4,3)	(1,2,6,4,8,9,5,3,7)	a0.1
1883	(1,4,7,4,1,7,5,2,5)	(1,2,6,4,8,9,7,3,5)	a0.1
1884	(1,4,7,4,4,2,4,7,3)	(1,2,6,4,8,3,5,9,7)	p3.1
1885	(1,4,7,4,4,4,2,5,5)	(1,2,6,4,8,3,7,9,5)	p3.1
1886	(1,4,7,4,4,6,5,2,3)	(1,2,6,4,8,3,9,5,7)	a0.1
1887	(1,4,7,4,6,2,2,3,7)	(1,2,6,4,8,5,7,9,3)	a0.1
1888	(1,4,7,4,6,4,3,4,3)	(1,2,6,4,8,5,9,3,7)	a0.1
1889	(1,4,7,4,8,2,3,2,5)	(1,2,6,4,8,7,9,3,5)	a0.1
1890	(1,4,7,5,3,2,3,8,3)	(1,2,6,4,9,3,5,8,7)	a0.1
1891	(1,4,7,5,3,4,1,6,5)	(1,2,6,4,9,3,7,8,5)	a0.1
1892	(1,4,7,5,3,4,7,3,2)	(1,2,6,4,9,3,7,5,8)	m3.1
1893	(1,4,7,5,3,5,6,2,3)	(1,2,6,4,9,3,8,5,7)	a0.1
1894	(1,4,7,5,5,2,5,5,2)	(1,2,6,4,9,5,7,3,8)	a4.1
1895	(1,4,7,5,5,3,4,4,3)	(1,2,6,4,9,5,8,3,7)	a0.1
1896	(1,4,7,5,7,5,2,3,2)	(1,2,6,4,9,7,3,5,8)	a4.1
1897	(1,4,7,5,8,4,2,2,3)	(1,2,6,4,9,8,3,5,7)	a0.1
1898	(1,4,7,8,2,2,2,8,2)	(1,2,6,4,3,5,7,9,8)	a0.1
1899	(1,4,7,8,2,3,1,7,3)	(1,2,6,4,3,5,8,9,7)	a0.1
1900	(1,4,7,8,4,2,5,3,2)	(1,2,6,4,3,7,9,5,8)	a0.1
1901	(1,4,7,8,5,1,5,2,3)	(1,2,6,4,3,8,9,5,7)	a0.1
1902	(1,4,8,2,1,5,5,3,7)	(1,2,6,5,7,8,4,9,3)	a0.1
1903	(1,4,8,2,2,3,5,5,6)	(1,2,6,5,7,9,3,8,4)	a0.1
1904	(1,4,8,2,2,4,4,4,7)	(1,2,6,5,7,9,4,8,3)	p3.1
1905	(1,4,8,2,2,4,8,5,2)	(1,2,6,5,7,9,4,3,8)	a0.1
1906	(1,4,8,2,2,8,4,1,6)	(1,2,6,5,7,9,8,3,4)	a0.1
1907	(1,4,8,2,5,1,5,8,2)	(1,2,6,5,7,3,4,9,8)	a0.1
1908	(1,4,8,2,5,6,4,4,2)	(1,2,6,5,7,3,9,4,8)	a0.1
1909	(1,4,8,2,6,5,3,5,2)	(1,2,6,5,7,4,9,3,8)	a0.1
1910	(1,4,8,3,1,4,8,4,3)	(1,2,6,5,8,9,4,3,7)	a0.1
1911	(1,4,8,3,1,7,5,1,6)	(1,2,6,5,8,9,7,3,4)	a0.1
1912	(1,4,8,3,4,1,5,7,3)	(1,2,6,5,8,3,4,9,7)	a0.1
1913	(1,4,8,3,4,4,2,4,6)	(1,2,6,5,8,3,7,9,4)	p3.1
1914	(1,4,8,3,4,6,4,3,3)	(1,2,6,5,8,3,9,4,7)	a0.1
1915	(1,4,8,3,5,3,2,3,7)	(1,2,6,5,8,4,7,9,3)	a0.1
1916	(1,4,8,3,5,5,3,4,3)	(1,2,6,5,8,4,9,3,7)	a0.1
1917	(1,4,8,3,8,2,3,1,6)	(1,2,6,5,8,7,9,3,4)	a0.1
1918	(1,4,8,4,3,4,1,5,6)	(1,2,6,5,9,3,7,8,4)	a0.1
1919	(1,4,8,4,3,4,6,4,2)	(1,2,6,5,9,3,7,4,8)	a0.1
1920	(1,4,8,4,3,5,5,3,3)	(1,2,6,5,9,3,8,4,7)	a0.1
1921	(1,4,8,4,4,3,5,5,2)	(1,2,6,5,9,4,7,3,8)	a0.1
1922	(1,4,8,4,4,4,4,4,3)	(1,2,6,5,9,4,8,3,7)	p3.1
1923	(1,4,8,7,4,2,4,4,2)	(1,2,6,5,3,7,9,4,8)	p3.1
1924	(1,4,8,8,3,2,3,5,2)	(1,2,6,5,4,7,9,3,8)	a0.1
1925	(1,5,1,5,1,7,6,6,4)	(1,2,7,8,4,5,3,9,6)	a0.1
1926	(1,5,1,5,2,3,5,7,7)	(1,2,7,8,4,6,9,5,3)	a0.1
1927	(1,5,1,5,2,6,6,5,5)	(1,2,7,8,4,6,3,9,5)	a0.1
1928	(1,5,1,5,2,8,4,3,7)	(1,2,7,8,4,6,5,9,3)	a0.1
1929	(1,5,1,5,5,3,3,8,5)	(1,2,7,8,4,9,3,6,5)	a0.1
1930	(1,5,1,5,5,5,1,6,7)	(1,2,7,8,4,9,5,6,3)	a0.1
1931	(1,5,1,5,5,5,7,3,4)	(1,2,7,8,4,9,5,3,6)	m3.1
1932	(1,5,1,5,5,6,6,2,5)	(1,2,7,8,4,9,6,3,5)	a0.1
1933	(1,5,1,5,8,2,4,6,4)	(1,2,7,8,4,3,5,9,6)	a0.1
1934	(1,5,1,5,8,3,3,5,5)	(1,2,7,8,4,3,6,9,5)	a0.1
1935	(1,5,1,6,1,6,6,4,6)	(1,2,7,8,5,6,3,9,4)	a0.1
1936	(1,5,1,6,1,7,5,3,7)	(1,2,7,8,5,6,4,9,3)	a0.1
1937	(1,5,1,6,4,3,3,7,6)	(1,2,7,8,5,9,3,6,4)	a0.1
1938	(1,5,1,6,4,4,2,6,7)	(1,2,7,8,5,9,4,6,3)	p3.1
1939	(1,5,1,6,4,4,8,3,4)	(1,2,7,8,5,9,4,3,6)	a0.1
1940	(1,5,1,6,4,6,6,1,6)	(1,2,7,8,5,9,6,3,4)	a0.1
1941	(1,5,1,6,7,1,5,6,4)	(1,2,7,8,5,3,4,9,6)	a0.1
1942	(1,5,1,6,7,3,3,4,6)	(1,2,7,8,5,3,6,9,4)	a0.1
1943	(1,5,1,6,7,6,4,2,4)	(1,2,7,8,5,3,9,4,6)	a0.1
1944	(1,5,1,6,8,2,3,3,7)	(1,2,7,8,5,4,6,9,3)	a0.1
1945	(1,5,1,6,8,5,3,3,4)	(1,2,7,8,5,4,9,3,6)	a0.1
1946	(1,5,1,7,3,3,2,8,6)	(1,2,7,8,6,9,3,5,4)	a0.1
1947	(1,5,1,7,3,4,1,7,7)	(1,2,7,8,6,9,4,5,3)	a0.1
1948	(1,5,1,7,3,4,8,2,5)	(1,2,7,8,6,9,4,3,5)	a0.1
1949	(1,5,1,7,3,5,7,1,6)	(1,2,7,8,6,9,5,3,4)	a0.1
1950	(1,5,1,7,6,1,5,5,5)	(1,2,7,8,6,3,4,9,5)	a0.1
1951	(1,5,1,7,6,2,4,4,6)	(1,2,7,8,6,3,5,9,4)	p3.1
1952	(1,5,1,7,7,5,3,2,5)	(1,2,7,8,6,4,9,3,5)	a0.1
1953	(1,5,1,7,8,4,3,1,6)	(1,2,7,8,6,5,9,3,4)	a0.1
1954	(1,5,2,3,2,3,7,7,6)	(1,2,7,9,3,5,8,6,4)	m3.1
1955	(1,5,2,3,2,8,4,7,4)	(1,2,7,9,3,5,4,8,6)	a0.1
1956	(1,5,2,3,3,2,6,8,6)	(1,2,7,9,3,6,8,5,4)	a0.1
1957	(1,5,2,3,3,7,4,6,5)	(1,2,7,9,3,6,4,8,5)	a0.1
1958	(1,5,2,3,3,8,3,5,6)	(1,2,7,9,3,6,5,8,4)	a0.1
1959	(1,5,2,3,3,8,8,4,2)	(1,2,7,9,3,6,5,4,8)	a0.1
1960	(1,5,2,3,5,5,2,8,5)	(1,2,7,9,3,8,4,6,5)	a0.1
1961	(1,5,2,3,5,6,1,7,6)	(1,2,7,9,3,8,5,6,4)	a0.1
1962	(1,5,2,3,5,6,8,2,4)	(1,2,7,9,3,8,5,4,6)	a0.1
1963	(1,5,2,4,1,7,5,7,4)	(1,2,7,9,4,5,3,8,6)	a0.1
1964	(1,5,2,4,2,2,6,7,7)	(1,2,7,9,4,6,8,5,3)	a4.1
1965	(1,5,2,4,2,6,5,6,5)	(1,2,7,9,4,6,3,8,5)	a4.1
1966	(1,5,2,4,2,8,3,4,7)	(1,2,7,9,4,6,5,8,3)	p3.1
1967	(1,5,2,4,2,8,7,5,2)	(1,2,7,9,4,6,5,3,8)	a0.1
1968	(1,5,2,4,4,4,3,8,5)	(1,2,7,9,4,8,3,6,5)	p3.1
1969	(1,5,2,4,4,6,1,6,7)	(1,2,7,9,4,8,5,6,3)	p3.1
1970	(1,5,2,4,4,6,7,3,4)	(1,2,7,9,4,8,5,3,6)	a0.1
1971	(1,5,2,4,4,7,6,2,5)	(1,2,7,9,4,8,6,3,5)	a4.1
1972	(1,5,2,4,8,2,3,7,4)	(1,2,7,9,4,3,5,8,6)	a0.1
1973	(1,5,2,4,8,3,2,6,5)	(1,2,7,9,4,3,6,8,5)	p3.1
1974	(1,5,2,4,8,3,8,3,2)	(1,2,7,9,4,3,6,5,8)	a0.1
1975	(1,5,2,5,1,6,5,5,6)	(1,2,7,9,5,6,3,8,4)	a0.1
1976	(1,5,2,5,1,7,4,4,7)	(1,2,7,9,5,6,4,8,3)	p3.1
1977	(1,5,2,5,1,7,8,5,2)	(1,2,7,9,5,6,4,3,8)	a0.1
1978	(1,5,2,5,3,4,3,7,6)	(1,2,7,9,5,8,3,6,4)	p5.2
1979	(1,5,2,5,3,5,2,6,7)	(1,2,7,9,5,8,4,6,3)	p5.1
1980	(1,5,2,5,3,5,8,3,4)	(1,2,7,9,5,8,4,3,6)	a0.1
1981	(1,5,2,5,3,7,6,1,6)	(1,2,7,9,5,8,6,3,4)	a0.1
1982	(1,5,2,5,7,3,2,5,6)	(1,2,7,9,5,3,6,8,4)	p5.2
1983	(1,5,2,5,7,3,7,4,2)	(1,2,7,9,5,3,6,4,8)	m3.1
1984	(1,5,2,5,7,5,5,2,4)	(1,2,7,9,5,3,8,4,6)	m3.1
1985	(1,5,2,5,8,2,2,4,7)	(1,2,7,9,5,4,6,8,3)	p3.1
1986	(1,5,2,5,8,2,6,5,2)	(1,2,7,9,5,4,6,3,8)	a0.1
1987	(1,5,2,5,8,4,4,3,4)	(1,2,7,9,5,4,8,3,6)	a0.1
1988	(1,5,2,5,8,8,3,2,2)	(1,2,7,9,5,4,3,6,8)	a0.1
1989	(1,5,2,6,2,4,2,8,6)	(1,2,7,9,6,8,3,5,4)	p3.1
1990	(1,5,2,6,2,5,1,7,7)	(1,2,7,9,6,8,4,5,3)	p3.1
1991	(1,5,2,6,2,5,8,2,5)	(1,2,7,9,6,8,4,3,5)	p3.1
1992	(1,5,2,6,2,6,7,1,6)	(1,2,7,9,6,8,5,3,4)	p3.1
1993	(1,5,2,6,6,2,3,5,6)	(1,2,7,9,6,3,5,8,4)	p5.1
1994	(1,5,2,6,6,2,8,4,2)	(1,2,7,9,6,3,5,4,8)	a0.1
1995	(1,5,2,6,7,1,7,5,2)	(1,2,7,9,6,4,5,3,8)	a0.1
1996	(1,5,2,6,7,4,4,2,5)	(1,2,7,9,6,4,8,3,5)	a4.1
1997	(1,5,2,6,7,8,2,3,2)	(1,2,7,9,6,4,3,5,8)	a0.1
1998	(1,5,2,6,8,3,4,1,6)	(1,2,7,9,6,5,8,3,4)	a0.1
1999	(1,5,2,8,4,2,1,7,6)	(1,2,7,9,8,3,5,6,4)	a0.1
2000	(1,5,2,8,4,2,8,2,4)	(1,2,7,9,8,3,5,4,6)	a0.1
2001	(1,5,2,8,5,1,7,3,4)	(1,2,7,9,8,4,5,3,6)	a0.1
2002	(1,5,2,8,5,2,6,2,5)	(1,2,7,9,8,4,6,3,5)	p3.1
2003	(1,5,2,8,6,1,6,1,6)	(1,2,7,9,8,5,6,3,4)	a0.1
2004	(1,5,5,1,5,5,3,7,4)	(1,2,7,3,4,9,5,8,6)	a0.1
2005	(1,5,5,1,5,6,2,6,5)	(1,2,7,3,4,9,6,8,5)	p3.1
2006	(1,5,5,1,5,6,8,3,2)	(1,2,7,3,4,9,6,5,8)	a0.1
2007	(1,5,5,2,1,7,5,8,2)	(1,2,7,3,5,6,4,9,8)	a0.1
2008	(1,5,5,2,3,1,6,7,6)	(1,2,7,3,5,8,9,6,4)	a0.1
2009	(1,5,5,2,3,5,5,6,4)	(1,2,7,3,5,8,4,9,6)	a0.1
2010	(1,5,5,2,3,7,3,4,6)	(1,2,7,3,5,8,6,9,4)	p5.2
2011	(1,5,5,2,4,4,4,7,4)	(1,2,7,3,5,9,4,8,6)	p3.1
2012	(1,5,5,2,4,6,2,5,6)	(1,2,7,3,5,9,6,8,4)	p5.1
2013	(1,5,5,2,4,6,7,4,2)	(1,2,7,3,5,9,6,4,8)	a0.1
2014	(1,5,5,2,4,8,5,2,4)	(1,2,7,3,5,9,8,4,6)	a0.1
2015	(1,5,5,2,8,2,3,8,2)	(1,2,7,3,5,4,6,9,8)	a0.1
2016	(1,5,5,2,8,4,1,6,4)	(1,2,7,3,5,4,8,9,6)	a0.1
2017	(1,5,5,2,8,5,6,2,2)	(1,2,7,3,5,4,9,6,8)	a0.1
2018	(1,5,5,3,2,1,5,8,6)	(1,2,7,3,6,8,9,5,4)	a0.1
2019	(1,5,5,3,2,5,5,5,5)	(1,2,7,3,6,8,4,9,5)	p5.2
2020	(1,5,5,3,2,6,4,4,6)	(1,2,7,3,6,8,5,9,4)	p5.1
2021	(1,5,5,3,3,4,4,6,5)	(1,2,7,3,6,9,4,8,5)	p5.1
2022	(1,5,5,3,3,5,3,5,6)	(1,2,7,3,6,9,5,8,4)	p8.19
2023	(1,5,5,3,3,5,8,4,2)	(1,2,7,3,6,9,5,4,8)	a0.1
2024	(1,5,5,3,7,5,5,3,2)	(1,2,7,3,6,4,9,5,8)	m3.1
2025	(1,5,5,3,8,4,4,4,2)	(1,2,7,3,6,5,9,4,8)	a0.1
2026	(1,5,5,5,1,5,8,2,4)	(1,2,7,3,8,9,5,4,6)	a0.1
2027	(1,5,5,5,5,2,3,5,5)	(1,2,7,3,8,4,6,9,5)	p5.2
2028	(1,5,5,5,6,4,4,2,4)	(1,2,7,3,8,5,9,4,6)	a0.1
2029	(1,5,5,6,4,2,2,6,5)	(1,2,7,3,9,4,6,8,5)	p3.1
2030	(1,5,5,6,4,2,8,3,2)	(1,2,7,3,9,4,6,5,8)	a0.1
2031	(1,5,5,6,5,1,7,4,2)	(1,2,7,3,9,5,6,4,8)	a0.1
2032	(1,5,5,6,5,3,5,2,4)	(1,2,7,3,9,5,8,4,6)	a0.1
2033	(1,5,5,6,5,8,2,2,2)	(1,2,7,3,9,5,4,6,8)	a0.1
2034	(1,5,6,1,7,3,3,8,2)	(1,2,7,4,5,3,6,9,8)	a0.1
2035	(1,5,6,1,7,5,1,6,4)	(1,2,7,4,5,3,8,9,6)	a0.1
2036	(1,5,6,1,7,6,6,2,2)	(1,2,7,4,5,3,9,6,8)	a0.1
2037	(1,5,6,2,2,1,5,7,7)	(1,2,7,4,6,8,9,5,3)	a0.1
2038	(1,5,6,2,2,4,6,5,5)	(1,2,7,4,6,8,3,9,5)	p3.1
2039	(1,5,6,2,2,6,4,3,7)	(1,2,7,4,6,8,5,9,3)	p3.1
2040	(1,5,6,2,3,3,5,6,5)	(1,2,7,4,6,9,3,8,5)	p3.1
2041	(1,5,6,2,3,5,3,4,7)	(1,2,7,4,6,9,5,8,3)	p5.1
2042	(1,5,6,2,3,5,7,5,2)	(1,2,7,4,6,9,5,3,8)	a0.1
2043	(1,5,6,2,3,8,4,2,5)	(1,2,7,4,6,9,8,3,5)	p3.1
2044	(1,5,6,2,6,2,4,8,2)	(1,2,7,4,6,3,5,9,8)	p3.1
2045	(1,5,6,2,6,6,5,3,2)	(1,2,7,4,6,3,9,5,8)	a0.1
2046	(1,5,6,2,8,4,3,5,2)	(1,2,7,4,6,5,9,3,8)	a0.1
2047	(1,5,6,4,1,5,7,3,4)	(1,2,7,4,8,9,5,3,6)	a0.1
2048	(1,5,6,4,1,6,6,2,5)	(1,2,7,4,8,9,6,3,5)	p3.1
2049	(1,5,6,4,4,2,4,6,4)	(1,2,7,4,8,3,5,9,6)	p3.1
2050	(1,5,6,4,4,3,3,5,5)	(1,2,7,4,8,3,6,9,5)	p5.1
2051	(1,5,6,4,6,4,3,3,4)	(1,2,7,4,8,5,9,3,6)	a0.1
2052	(1,5,6,4,7,3,3,2,5)	(1,2,7,4,8,6,9,3,5)	a0.1
2053	(1,5,6,5,3,2,3,7,4)	(1,2,7,4,9,3,5,8,6)	a0.1
2054	(1,5,6,5,3,3,2,6,5)	(1,2,7,4,9,3,6,8,5)	p3.1
2055	(1,5,6,5,3,3,8,3,2)	(1,2,7,4,9,3,6,5,8)	a0.1
2056	(1,5,6,5,5,1,6,5,2)	(1,2,7,4,9,5,6,3,8)	a0.1
2057	(1,5,6,5,5,3,4,3,4)	(1,2,7,4,9,5,8,3,6)	a0.1
2058	(1,5,6,5,5,7,3,2,2)	(1,2,7,4,9,5,3,6,8)	m3.1
2059	(1,5,6,5,6,2,4,2,5)	(1,2,7,4,9,6,8,3,5)	a4.1
2060	(1,5,6,5,6,6,2,3,2)	(1,2,7,4,9,6,3,5,8)	a0.1
2061	(1,5,6,8,2,3,1,6,4)	(1,2,7,4,3,5,8,9,6)	a0.1
2062	(1,5,6,8,2,4,6,2,2)	(1,2,7,4,3,5,9,6,8)	a0.1
2063	(1,5,6,8,3,3,5,3,2)	(1,2,7,4,3,6,9,5,8)	a0.1
2064	(1,5,7,1,6,1,5,8,2)	(1,2,7,5,6,3,4,9,8)	a0.1
2065	(1,5,7,1,6,6,4,4,2)	(1,2,7,5,6,3,9,4,8)	a0.1
2066	(1,5,7,1,7,5,3,5,2)	(1,2,7,5,6,4,9,3,8)	a0.1
2067	(1,5,7,3,1,6,6,1,6)	(1,2,7,5,8,9,6,3,4)	a0.1
2068	(1,5,7,3,4,3,3,4,6)	(1,2,7,5,8,3,6,9,4)	p5.2
2069	(1,5,7,3,4,6,4,2,4)	(1,2,7,5,8,3,9,4,6)	a0.1
2070	(1,5,7,3,5,2,3,3,7)	(1,2,7,5,8,4,6,9,3)	a0.1
2071	(1,5,7,3,5,5,3,3,4)	(1,2,7,5,8,4,9,3,6)	a0.1
2072	(1,5,7,3,7,3,3,1,6)	(1,2,7,5,8,6,9,3,4)	m3.1
2073	(1,5,7,4,3,3,2,5,6)	(1,2,7,5,9,3,6,8,4)	a0.1
2074	(1,5,7,4,3,3,7,4,2)	(1,2,7,5,9,3,6,4,8)	a0.1
2075	(1,5,7,4,3,5,5,2,4)	(1,2,7,5,9,3,8,4,6)	a0.1
2076	(1,5,7,4,4,2,2,4,7)	(1,2,7,5,9,4,6,8,3)	a4.1
2077	(1,5,7,4,4,2,6,5,2)	(1,2,7,5,9,4,6,3,8)	p3.1
2078	(1,5,7,4,4,4,4,3,4)	(1,2,7,5,9,4,8,3,6)	p3.1
2079	(1,5,7,4,4,8,3,2,2)	(1,2,7,5,9,4,3,6,8)	a0.1
2080	(1,5,7,4,6,2,4,1,6)	(1,2,7,5,9,6,8,3,4)	a0.1
2081	(1,5,7,7,3,3,4,4,2)	(1,2,7,5,3,6,9,4,8)	a0.1
2082	(1,5,7,7,6,4,2,2,2)	(1,2,7,5,3,9,4,6,8)	a0.1
2083	(1,5,7,8,2,3,3,5,2)	(1,2,7,5,4,6,9,3,8)	a0.1
2084	(1,5,7,8,5,3,3,2,2)	(1,2,7,5,4,9,3,6,8)	a0.1
2085	(1,5,8,2,4,2,4,4,6)	(1,2,7,6,8,3,5,9,4)	p3.1
2086	(1,5,8,2,5,5,3,2,5)	(1,2,7,6,8,4,9,3,5)	a0.1
2087	(1,5,8,2,6,4,3,1,6)	(1,2,7,6,8,5,9,3,4)	a0.1
2088	(1,5,8,3,3,2,3,5,6)	(1,2,7,6,9,3,5,8,4)	a0.1
2089	(1,5,8,3,3,2,8,4,2)	(1,2,7,6,9,3,5,4,8)	a0.1
2090	(1,5,8,3,4,1,7,5,2)	(1,2,7,6,9,4,5,3,8)	a0.1
2091	(1,5,8,3,4,4,4,2,5)	(1,2,7,6,9,4,8,3,5)	p3.1
2092	(1,5,8,3,4,8,2,3,2)	(1,2,7,6,9,4,3,5,8)	a0.1
2093	(1,5,8,3,5,3,4,1,6)	(1,2,7,6,9,5,8,3,4)	a0.1
2094	(1,5,8,6,2,4,4,4,2)	(1,2,7,6,3,5,9,4,8)	p3.1
2095	(1,5,8,7,5,3,2,3,2)	(1,2,7,6,4,9,3,5,8)	a0.1
2096	(1,6,1,6,1,6,1,7,7)	(1,2,8,9,6,7,4,5,3)	a0.1
2097	(1,6,1,6,1,6,8,2,5)	(1,2,8,9,6,7,4,3,5)	a0.1
2098	(1,6,1,6,6,2,2,6,6)	(1,2,8,9,6,3,5,7,4)	p3.1
2099	(1,6,1,6,6,2,8,3,3)	(1,2,8,9,6,3,5,4,7)	a0.1
2100	(1,6,1,6,7,1,7,4,3)	(1,2,8,9,6,4,5,3,7)	a0.1
2101	(1,6,1,6,7,3,5,2,5)	(1,2,8,9,6,4,7,3,5)	a0.1
2102	(1,6,1,6,7,8,2,2,3)	(1,2,8,9,6,4,3,5,7)	a0.1
2103	(1,6,1,7,5,2,1,7,6)	(1,2,8,9,7,3,5,6,4)	a0.1
2104	(1,6,1,7,5,2,8,2,4)	(1,2,8,9,7,3,5,4,6)	a0.1
2105	(1,6,1,7,6,1,7,3,4)	(1,2,8,9,7,4,5,3,6)	a0.1
2106	(1,6,1,7,6,2,6,2,5)	(1,2,8,9,7,4,6,3,5)	p3.1
2107	(1,6,4,2,1,7,5,7,3)	(1,2,8,3,5,6,4,9,7)	a0.1
2108	(1,6,4,2,2,2,6,7,6)	(1,2,8,3,5,7,9,6,4)	a4.1
2109	(1,6,4,2,2,6,5,6,4)	(1,2,8,3,5,7,4,9,6)	a4.1
2110	(1,6,4,2,2,8,3,4,6)	(1,2,8,3,5,7,6,9,4)	p3.1
2111	(1,6,4,2,4,4,3,8,4)	(1,2,8,3,5,9,4,7,6)	p3.1
2112	(1,6,4,2,4,6,1,6,6)	(1,2,8,3,5,9,6,7,4)	p3.1
2113	(1,6,4,2,4,6,7,3,3)	(1,2,8,3,5,9,6,4,7)	a0.1
2114	(1,6,4,2,4,7,6,2,4)	(1,2,8,3,5,9,7,4,6)	a4.1
2115	(1,6,4,2,8,2,3,7,3)	(1,2,8,3,5,4,6,9,7)	a0.1
2116	(1,6,4,2,8,3,2,6,4)	(1,2,8,3,5,4,7,9,6)	p3.1
2117	(1,6,4,3,1,6,5,5,5)	(1,2,8,3,6,7,4,9,5)	a0.1
2118	(1,6,4,3,1,7,4,4,6)	(1,2,8,3,6,7,5,9,4)	p3.1
2119	(1,6,4,3,3,4,3,7,5)	(1,2,8,3,6,9,4,7,5)	p5.2
2120	(1,6,4,3,3,5,2,6,6)	(1,2,8,3,6,9,5,7,4)	p5.1
2121	(1,6,4,3,3,5,8,3,3)	(1,2,8,3,6,9,5,4,7)	a0.1
2122	(1,6,4,3,7,3,2,5,5)	(1,2,8,3,6,4,7,9,5)	p5.2
2123	(1,6,4,3,7,5,5,2,3)	(1,2,8,3,6,4,9,5,7)	m3.1
2124	(1,6,4,3,8,2,2,4,6)	(1,2,8,3,6,5,7,9,4)	p3.1
2125	(1,6,4,3,8,4,4,3,3)	(1,2,8,3,6,5,9,4,7)	a0.1
2126	(1,6,4,4,2,4,2,8,5)	(1,2,8,3,7,9,4,6,5)	p3.1
2127	(1,6,4,4,2,5,1,7,6)	(1,2,8,3,7,9,5,6,4)	p3.1
2128	(1,6,4,4,2,5,8,2,4)	(1,2,8,3,7,9,5,4,6)	p3.1
2129	(1,6,4,4,6,2,3,5,5)	(1,2,8,3,7,4,6,9,5)	p5.1
2130	(1,6,4,4,7,4,4,2,4)	(1,2,8,3,7,5,9,4,6)	a4.1
2131	(1,6,4,6,4,2,1,7,5)	(1,2,8,3,9,4,6,7,5)	a0.1
2132	(1,6,4,6,4,2,8,2,3)	(1,2,8,3,9,4,6,5,7)	a0.1
2133	(1,6,4,6,5,1,7,3,3)	(1,2,8,3,9,5,6,4,7)	a0.1
2134	(1,6,4,6,5,2,6,2,4)	(1,2,8,3,9,5,7,4,6)	p3.1
2135	(1,6,5,1,7,3,3,7,3)	(1,2,8,4,5,3,6,9,7)	a0.1
2136	(1,6,5,1,7,4,2,6,4)	(1,2,8,4,5,3,7,9,6)	p3.1
2137	(1,6,5,2,1,7,4,3,7)	(1,2,8,4,6,7,5,9,3)	a0.1
2138	(1,6,5,2,3,3,4,7,5)	(1,2,8,4,6,9,3,7,5)	a0.1
2139	(1,6,5,2,3,5,2,5,7)	(1,2,8,4,6,9,5,7,3)	p5.2
2140	(1,6,5,2,3,5,7,4,3)	(1,2,8,4,6,9,5,3,7)	a0.1
2141	(1,6,5,2,3,7,5,2,5)	(1,2,8,4,6,9,7,3,5)	p5.2
2142	(1,6,5,2,6,2,4,7,3)	(1,2,8,4,6,3,5,9,7)	p3.1
2143	(1,6,5,2,6,4,2,5,5)	(1,2,8,4,6,3,7,9,5)	p5.1
2144	(1,6,5,2,6,6,5,2,3)	(1,2,8,4,6,3,9,5,7)	a0.1
2145	(1,6,5,2,8,2,2,3,7)	(1,2,8,4,6,5,7,9,3)	a0.1
2146	(1,6,5,2,8,4,3,4,3)	(1,2,8,4,6,5,9,3,7)	a0.1
2147	(1,6,5,3,2,3,3,8,5)	(1,2,8,4,7,9,3,6,5)	a0.1
2148	(1,6,5,3,2,5,1,6,7)	(1,2,8,4,7,9,5,6,3)	a0.1
2149	(1,6,5,3,2,5,7,3,4)	(1,2,8,4,7,9,5,3,6)	p5.2
2150	(1,6,5,3,2,6,6,2,5)	(1,2,8,4,7,9,6,3,5)	p5.1
2151	(1,6,5,3,5,2,4,6,4)	(1,2,8,4,7,3,5,9,6)	p5.1
2152	(1,6,5,3,5,3,3,5,5)	(1,2,8,4,7,3,6,9,5)	p8.19
2153	(1,6,5,3,7,4,3,3,4)	(1,2,8,4,7,5,9,3,6)	a0.1
2154	(1,6,5,3,8,3,3,2,5)	(1,2,8,4,7,6,9,3,5)	a0.1
2155	(1,6,5,5,3,2,2,8,4)	(1,2,8,4,9,3,5,7,6)	a0.1
2156	(1,6,5,5,3,3,1,7,5)	(1,2,8,4,9,3,6,7,5)	a0.1
2157	(1,6,5,5,3,3,8,2,3)	(1,2,8,4,9,3,6,5,7)	a0.1
2158	(1,6,5,5,5,2,5,3,4)	(1,2,8,4,9,5,7,3,6)	p5.2
2159	(1,6,5,5,6,6,2,2,3)	(1,2,8,4,9,6,3,5,7)	a0.1
2160	(1,6,5,8,2,2,2,6,4)	(1,2,8,4,3,5,7,9,6)	p3.1
2161	(1,6,5,8,3,3,5,2,3)	(1,2,8,4,3,6,9,5,7)	a0.1
2162	(1,6,6,1,6,6,4,3,3)	(1,2,8,5,6,3,9,4,7)	a0.1
2163	(1,6,6,1,7,3,2,3,7)	(1,2,8,5,6,4,7,9,3)	a0.1
2164	(1,6,6,1,7,5,3,4,3)	(1,2,8,5,6,4,9,3,7)	a0.1
2165	(1,6,6,2,2,3,3,7,6)	(1,2,8,5,7,9,3,6,4)	a0.1
2166	(1,6,6,2,2,4,2,6,7)	(1,2,8,5,7,9,4,6,3)	a4.1
2167	(1,6,6,2,2,4,8,3,4)	(1,2,8,5,7,9,4,3,6)	p3.1
2168	(1,6,6,2,5,3,3,4,6)	(1,2,8,5,7,3,6,9,4)	p5.1
2169	(1,6,6,2,5,6,4,2,4)	(1,2,8,5,7,3,9,4,6)	p3.1
2170	(1,6,6,2,6,2,3,3,7)	(1,2,8,5,7,4,6,9,3)	p3.1
2171	(1,6,6,2,6,5,3,3,4)	(1,2,8,5,7,4,9,3,6)	p3.1
2172	(1,6,6,4,3,3,7,3,3)	(1,2,8,5,9,3,6,4,7)	a0.1
2173	(1,6,6,4,3,4,6,2,4)	(1,2,8,5,9,3,7,4,6)	p3.1
2174	(1,6,6,4,4,2,6,4,3)	(1,2,8,5,9,4,6,3,7)	p3.1
2175	(1,6,6,4,4,3,5,3,4)	(1,2,8,5,9,4,7,3,6)	p5.1
2176	(1,6,6,7,3,3,4,3,3)	(1,2,8,5,3,6,9,4,7)	a0.1
2177	(1,6,6,7,4,2,4,2,4)	(1,2,8,5,3,7,9,4,6)	a4.1
2178	(1,6,6,8,2,3,3,4,3)	(1,2,8,5,4,6,9,3,7)	a0.1
2179	(1,6,6,8,3,2,3,3,4)	(1,2,8,5,4,7,9,3,6)	a0.1
2180	(1,6,7,3,3,2,2,6,6)	(1,2,8,6,9,3,5,7,4)	a0.1
2181	(1,6,7,3,3,2,8,3,3)	(1,2,8,6,9,3,5,4,7)	a0.1
2182	(1,6,7,3,4,1,7,4,3)	(1,2,8,6,9,4,5,3,7)	a0.1
2183	(1,6,7,3,4,3,5,2,5)	(1,2,8,6,9,4,7,3,5)	p5.2
2184	(1,6,7,3,4,8,2,2,3)	(1,2,8,6,9,4,3,5,7)	a0.1
2185	(1,6,7,6,2,2,2,4,6)	(1,2,8,6,3,5,7,9,4)	a4.1
2186	(1,6,7,6,2,4,4,3,3)	(1,2,8,6,3,5,9,4,7)	p3.1
2187	(1,6,7,7,3,2,3,2,5)	(1,2,8,6,4,7,9,3,5)	m3.1
2188	(1,6,7,7,5,3,2,2,3)	(1,2,8,6,4,9,3,5,7)	a0.1
2189	(1,6,8,2,3,2,1,7,6)	(1,2,8,7,9,3,5,6,4)	a0.1
2190	(1,6,8,2,3,2,8,2,4)	(1,2,8,7,9,3,5,4,6)	a0.1
2191	(1,6,8,2,4,1,7,3,4)	(1,2,8,7,9,4,5,3,6)	a0.1
2192	(1,6,8,2,4,2,6,2,5)	(1,2,8,7,9,4,6,3,5)	p3.1
2193	(1,6,8,5,2,4,4,2,4)	(1,2,8,7,3,5,9,4,6)	p3.1
2194	(1,6,8,6,2,3,3,2,5)	(1,2,8,7,4,6,9,3,5)	a0.1
2195	(1,7,3,2,1,7,4,8,3)	(1,2,9,3,5,6,4,8,7)	a0.1
2196	(1,7,3,2,2,1,7,7,6)	(1,2,9,3,5,7,8,6,4)	a0.1
2197	(1,7,3,2,2,6,4,7,4)	(1,2,9,3,5,7,4,8,6)	a0.1
2198	(1,7,3,2,2,8,2,5,6)	(1,2,9,3,5,7,6,8,4)	a0.1
2199	(1,7,3,2,2,8,7,4,2)	(1,2,9,3,5,7,6,4,8)	a0.1
2200	(1,7,3,2,3,5,3,8,4)	(1,2,9,3,5,8,4,7,6)	a0.1
2201	(1,7,3,2,3,7,7,3,3)	(1,2,9,3,5,8,6,4,7)	m3.1
2202	(1,7,3,2,3,8,6,2,4)	(1,2,9,3,5,8,7,4,6)	a0.1
2203	(1,7,3,2,8,2,2,8,3)	(1,2,9,3,5,4,6,8,7)	a0.1
2204	(1,7,3,2,8,3,1,7,4)	(1,2,9,3,5,4,7,8,6)	a0.1
2205	(1,7,3,2,8,3,8,2,2)	(1,2,9,3,5,4,7,6,8)	a0.1
2206	(1,7,3,3,1,7,3,5,6)	(1,2,9,3,6,7,5,8,4)	a0.1
2207	(1,7,3,3,1,7,8,4,2)	(1,2,9,3,6,7,5,4,8)	a0.1
2208	(1,7,3,3,2,5,3,7,5)	(1,2,9,3,6,8,4,7,5)	a0.1
2209	(1,7,3,3,2,6,2,6,6)	(1,2,9,3,6,8,5,7,4)	p3.1
2210	(1,7,3,3,2,6,8,3,3)	(1,2,9,3,6,8,5,4,7)	a0.1
2211	(1,7,3,3,7,3,7,3,2)	(1,2,9,3,6,4,7,5,8)	m3.1
2212	(1,7,3,3,7,4,6,2,3)	(1,2,9,3,6,4,8,5,7)	a0.1
2213	(1,7,3,3,8,2,6,4,2)	(1,2,9,3,6,5,7,4,8)	a0.1
2214	(1,7,3,3,8,3,5,3,3)	(1,2,9,3,6,5,8,4,7)	a0.1
2215	(1,7,3,4,6,2,2,6,5)	(1,2,9,3,7,4,6,8,5)	p3.1
2216	(1,7,3,4,6,2,8,3,2)	(1,2,9,3,7,4,6,5,8)	a0.1
2217	(1,7,3,4,7,1,7,4,2)	(1,2,9,3,7,5,6,4,8)	a0.1
2218	(1,7,3,4,7,3,5,2,4)	(1,2,9,3,7,5,8,4,6)	a0.1
2219	(1,7,3,4,7,8,2,2,2)	(1,2,9,3,7,5,4,6,8)	a0.1
2220	(1,7,3,5,5,2,1,7,5)	(1,2,9,3,8,4,6,7,5)	a0.1
2221	(1,7,3,5,5,2,8,2,3)	(1,2,9,3,8,4,6,5,7)	a0.1
2222	(1,7,3,5,6,2,6,2,4)	(1,2,9,3,8,5,7,4,6)	p3.1
2223	(1,7,4,1,7,4,1,7,4)	(1,2,9,4,5,3,7,8,6)	a0.1
2224	(1,7,4,1,7,4,8,2,2)	(1,2,9,4,5,3,7,6,8)	a0.1
2225	(1,7,4,2,1,7,7,5,2)	(1,2,9,4,6,7,5,3,8)	a0.1
2226	(1,7,4,2,2,4,4,7,5)	(1,2,9,4,6,8,3,7,5)	a4.1
2227	(1,7,4,2,2,6,2,5,7)	(1,2,9,4,6,8,5,7,3)	p3.1
2228	(1,7,4,2,2,6,7,4,3)	(1,2,9,4,6,8,5,3,7)	a4.1
2229	(1,7,4,2,2,8,5,2,5)	(1,2,9,4,6,8,7,3,5)	p3.1
2230	(1,7,4,2,6,2,3,8,3)	(1,2,9,4,6,3,5,8,7)	p3.1
2231	(1,7,4,2,6,4,7,3,2)	(1,2,9,4,6,3,7,5,8)	a0.1
2232	(1,7,4,2,6,5,6,2,3)	(1,2,9,4,6,3,8,5,7)	a4.1
2233	(1,7,4,2,8,2,5,5,2)	(1,2,9,4,6,5,7,3,8)	a0.1
2234	(1,7,4,2,8,3,4,4,3)	(1,2,9,4,6,5,8,3,7)	p3.1
2235	(1,7,4,3,1,7,6,2,5)	(1,2,9,4,7,8,6,3,5)	p3.1
2236	(1,7,4,3,5,2,3,7,4)	(1,2,9,4,7,3,5,8,6)	p5.2
2237	(1,7,4,3,5,3,2,6,5)	(1,2,9,4,7,3,6,8,5)	p5.1
2238	(1,7,4,3,5,3,8,3,2)	(1,2,9,4,7,3,6,5,8)	a0.1
2239	(1,7,4,3,7,3,4,3,4)	(1,2,9,4,7,5,8,3,6)	p5.2
2240	(1,7,4,3,7,7,3,2,2)	(1,2,9,4,7,5,3,6,8)	m3.1
2241	(1,7,4,3,8,2,4,2,5)	(1,2,9,4,7,6,8,3,5)	p3.1
2242	(1,7,4,3,8,6,2,3,2)	(1,2,9,4,7,6,3,5,8)	a0.1
2243	(1,7,4,4,4,2,2,8,4)	(1,2,9,4,8,3,5,7,6)	p3.1
2244	(1,7,4,4,4,3,1,7,5)	(1,2,9,4,8,3,6,7,5)	p3.1
2245	(1,7,4,4,4,3,8,2,3)	(1,2,9,4,8,3,6,5,7)	p3.1
2246	(1,7,4,4,6,2,5,3,4)	(1,2,9,4,8,5,7,3,6)	p5.1
2247	(1,7,4,4,7,6,2,2,3)	(1,2,9,4,8,6,3,5,7)	a4.1
2248	(1,7,4,8,2,2,8,2,2)	(1,2,9,4,3,5,7,6,8)	a0.1
2249	(1,7,4,8,3,2,6,2,3)	(1,2,9,4,3,6,8,5,7)	p3.1
2250	(1,7,5,2,5,3,2,5,6)	(1,2,9,5,7,3,6,8,4)	p5.2
2251	(1,7,5,2,5,3,7,4,2)	(1,2,9,5,7,3,6,4,8)	a0.1
2252	(1,7,5,2,5,5,5,2,4)	(1,2,9,5,7,3,8,4,6)	p5.2
2253	(1,7,5,2,6,2,2,4,7)	(1,2,9,5,7,4,6,8,3)	p3.1
2254	(1,7,5,2,6,2,6,5,2)	(1,2,9,5,7,4,6,3,8)	p3.1
2255	(1,7,5,2,6,4,4,3,4)	(1,2,9,5,7,4,8,3,6)	p5.1
2256	(1,7,5,2,6,8,3,2,2)	(1,2,9,5,7,4,3,6,8)	a0.1
2257	(1,7,5,3,4,3,7,3,3)	(1,2,9,5,8,3,6,4,7)	p5.2
2258	(1,7,5,3,4,4,6,2,4)	(1,2,9,5,8,3,7,4,6)	p5.1
2259	(1,7,5,3,5,2,6,4,3)	(1,2,9,5,8,4,6,3,7)	p5.1
2260	(1,7,5,3,5,3,5,3,4)	(1,2,9,5,8,4,7,3,6)	p8.19
2261	(1,7,5,7,3,2,5,3,3)	(1,2,9,5,3,6,8,4,7)	p5.2
2262	(1,7,5,7,4,6,2,2,2)	(1,2,9,5,3,7,4,6,8)	a0.1
2263	(1,7,5,8,2,2,4,4,3)	(1,2,9,5,4,6,8,3,7)	p3.1
2264	(1,7,5,8,3,5,3,2,2)	(1,2,9,5,4,7,3,6,8)	a0.1
2265	(1,7,6,2,4,2,2,6,6)	(1,2,9,6,8,3,5,7,4)	a4.1
2266	(1,7,6,2,4,2,8,3,3)	(1,2,9,6,8,3,5,4,7)	p3.1
2267	(1,7,6,2,5,3,5,2,5)	(1,2,9,6,8,4,7,3,5)	p5.1
2268	(1,7,6,2,5,8,2,2,3)	(1,2,9,6,8,4,3,5,7)	p3.1
2269	(1,7,6,6,2,2,6,4,2)	(1,2,9,6,3,5,7,4,8)	p3.1
2270	(1,7,6,6,2,3,5,3,3)	(1,2,9,6,3,5,8,4,7)	p5.1
2271	(1,7,6,7,3,5,2,3,2)	(1,2,9,6,4,7,3,5,8)	a0.1
2272	(1,7,6,7,4,4,2,2,3)	(1,2,9,6,4,8,3,5,7)	a4.1
2273	(1,7,7,5,2,3,5,2,4)	(1,2,9,7,3,5,8,4,6)	p5.2
2274	(1,7,7,5,2,8,2,2,2)	(1,2,9,7,3,5,4,6,8)	a0.1
2275	(1,7,7,6,2,2,4,2,5)	(1,2,9,7,4,6,8,3,5)	a4.1
2276	(1,7,7,6,2,6,2,3,2)	(1,2,9,7,4,6,3,5,8)	p3.1
2277	(1,7,8,4,2,2,6,2,4)	(1,2,9,8,3,5,7,4,6)	p3.1
2278	(1,7,8,5,2,6,2,2,3)	(1,2,9,8,4,6,3,5,7)	p3.1
2279	(2,2,2,2,4,4,7,5,8)	(1,3,5,7,9,4,8,6,2)	a4.1
2280	(2,2,2,2,6,2,5,7,8)	(1,3,5,7,9,6,8,4,2)	p3.1
2281	(2,2,2,2,6,7,4,3,8)	(1,3,5,7,9,6,4,8,2)	a4.1
2282	(2,2,2,2,8,3,4,7,6)	(1,3,5,7,9,8,2,6,4)	a4.1
2283	(2,2,2,2,8,5,2,5,8)	(1,3,5,7,9,8,4,6,2)	p3.1
2284	(2,2,2,2,8,5,7,4,4)	(1,3,5,7,9,8,4,2,6)	a4.1
2285	(2,2,2,2,8,7,5,2,6)	(1,3,5,7,9,8,6,2,4)	p3.1
2286	(2,2,2,4,2,5,8,7,4)	(1,3,5,7,2,4,9,8,6)	m3.1
2287	(2,2,2,4,4,3,8,5,6)	(1,3,5,7,2,6,9,8,4)	a4.1
2288	(2,2,2,4,7,8,5,2,4)	(1,3,5,7,2,9,8,4,6)	m3.1
2289	(2,2,2,6,2,3,8,3,8)	(1,3,5,7,4,6,9,8,2)	p3.1
2290	(2,2,2,6,4,7,3,2,8)	(1,3,5,7,4,8,6,9,2)	a0.1
2291	(2,2,2,6,5,6,2,3,8)	(1,3,5,7,4,9,6,8,2)	a4.1
2292	(2,2,2,6,5,8,3,4,4)	(1,3,5,7,4,9,8,2,6)	a4.1
2293	(2,2,2,8,2,3,7,4,6)	(1,3,5,7,6,8,2,9,4)	a0.1
2294	(2,2,2,8,2,5,5,2,8)	(1,3,5,7,6,8,4,9,2)	a0.1
2295	(2,2,2,8,3,2,6,5,6)	(1,3,5,7,6,9,2,8,4)	a4.1
2296	(2,2,2,8,3,4,4,3,8)	(1,3,5,7,6,9,4,8,2)	p3.1
2297	(2,2,2,8,3,8,3,2,6)	(1,3,5,7,6,9,8,2,4)	p3.1
2298	(2,2,3,3,2,5,7,8,4)	(1,3,5,8,2,4,9,7,6)	a0.1
2299	(2,2,3,3,5,8,3,4,6)	(1,3,5,8,2,7,6,9,4)	a0.1
2300	(2,2,3,3,7,4,3,8,4)	(1,3,5,8,2,9,4,7,6)	a0.1
2301	(2,2,3,5,2,3,7,4,8)	(1,3,5,8,4,6,9,7,2)	p5.2
2302	(2,2,3,5,3,2,6,5,8)	(1,3,5,8,4,7,9,6,2)	p5.1
2303	(2,2,3,5,3,8,3,2,8)	(1,3,5,8,4,7,6,9,2)	a0.1
2304	(2,2,3,5,5,2,5,8,4)	(1,3,5,8,4,9,2,7,6)	a0.1
2305	(2,2,3,7,3,4,3,4,8)	(1,3,5,8,6,9,4,7,2)	p5.2
2306	(2,2,3,7,7,3,2,2,8)	(1,3,5,8,6,4,7,9,2)	m3.1
2307	(2,2,3,8,2,2,4,7,6)	(1,3,5,8,7,9,2,6,4)	a4.1
2308	(2,2,3,8,2,4,2,5,8)	(1,3,5,8,7,9,4,6,2)	p3.1
2309	(2,2,3,8,2,4,7,4,4)	(1,3,5,8,7,9,4,2,6)	a4.1
2310	(2,2,3,8,2,6,5,2,6)	(1,3,5,8,7,9,6,2,4)	p3.1
2311	(2,2,3,8,4,2,5,6,4)	(1,3,5,8,7,2,4,9,6)	p3.1
2312	(2,2,3,8,4,4,3,4,6)	(1,3,5,8,7,2,6,9,4)	p3.1
2313	(2,2,3,8,4,7,4,2,4)	(1,3,5,8,7,2,9,4,6)	a4.1
2314	(2,2,3,8,6,2,3,2,8)	(1,3,5,8,7,4,6,9,2)	a0.1
2315	(2,2,3,8,6,5,2,4,4)	(1,3,5,8,7,4,9,2,6)	p3.1
2316	(2,2,3,8,8,3,2,2,6)	(1,3,5,8,7,6,9,2,4)	p3.1
2317	(2,2,4,2,2,4,8,8,4)	(1,3,5,9,2,4,8,7,6)	m3.1
2318	(2,2,4,2,4,2,8,6,6)	(1,3,5,9,2,6,8,7,4)	a4.1
2319	(2,2,4,2,4,7,4,8,3)	(1,3,5,9,2,6,4,8,7)	a4.1
2320	(2,2,4,2,5,8,2,5,6)	(1,3,5,9,2,7,6,8,4)	a4.1
2321	(2,2,4,2,6,5,3,8,4)	(1,3,5,9,2,8,4,7,6)	a4.1
2322	(2,2,4,2,6,8,6,2,4)	(1,3,5,9,2,8,7,4,6)	m3.1
2323	(2,2,4,4,2,2,8,4,8)	(1,3,5,9,4,6,8,7,2)	p3.1
2324	(2,2,4,4,2,5,6,8,3)	(1,3,5,9,4,6,2,8,7)	p3.1
2325	(2,2,4,4,3,8,2,3,8)	(1,3,5,9,4,7,6,8,2)	p3.1
2326	(2,2,4,4,4,3,5,8,4)	(1,3,5,9,4,8,2,7,6)	p3.1
2327	(2,2,4,4,4,8,4,4,4)	(1,3,5,9,4,8,7,2,6)	a4.1
2328	(2,2,4,4,7,4,2,8,3)	(1,3,5,9,4,2,6,8,7)	a4.1
2329	(2,2,4,6,2,5,3,4,8)	(1,3,5,9,6,8,4,7,2)	p5.1
2330	(2,2,4,6,2,8,4,2,6)	(1,3,5,9,6,8,7,2,4)	p3.1
2331	(2,2,4,6,5,2,4,8,3)	(1,3,5,9,6,2,4,8,7)	p3.1
2332	(2,2,4,7,8,2,3,2,6)	(1,3,5,9,7,6,8,2,4)	p3.1
2333	(2,2,4,8,3,2,3,8,4)	(1,3,5,9,8,2,4,7,6)	p3.1
2334	(2,2,4,8,3,4,7,3,3)	(1,3,5,9,8,2,6,4,7)	a0.1
2335	(2,2,4,8,3,5,6,2,4)	(1,3,5,9,8,2,7,4,6)	a4.1
2336	(2,2,4,8,5,2,5,5,3)	(1,3,5,9,8,4,6,2,7)	a0.1
2337	(2,2,4,8,5,3,4,4,4)	(1,3,5,9,8,4,7,2,6)	p3.1
2338	(2,2,4,8,7,5,2,3,3)	(1,3,5,9,8,6,2,4,7)	a0.1
2339	(2,2,6,2,3,2,8,7,4)	(1,3,5,2,4,7,9,8,6)	p3.1
2340	(2,2,6,2,4,8,2,6,4)	(1,3,5,2,4,8,7,9,6)	p3.1
2341	(2,2,6,2,5,6,2,8,3)	(1,3,5,2,4,9,6,8,7)	p3.1
2342	(2,2,6,4,2,8,2,4,6)	(1,3,5,2,6,8,7,9,4)	p3.1
2343	(2,2,6,4,3,4,4,8,3)	(1,3,5,2,6,9,4,8,7)	p3.1
2344	(2,2,6,4,3,8,5,3,3)	(1,3,5,2,6,9,8,4,7)	a0.1
2345	(2,2,6,5,2,8,5,2,4)	(1,3,5,2,7,9,8,4,6)	a4.1
2346	(2,2,6,6,8,2,4,2,4)	(1,3,5,2,8,7,9,4,6)	a4.1
2347	(2,2,6,7,4,2,2,8,3)	(1,3,5,2,9,4,6,8,7)	a4.1
2348	(2,2,8,2,2,8,2,2,8)	(1,3,5,4,6,8,7,9,2)	a0.1
2349	(2,2,8,2,3,2,6,8,3)	(1,3,5,4,6,9,2,8,7)	a0.1
2350	(2,2,8,2,3,8,3,5,3)	(1,3,5,4,6,9,8,2,7)	a0.1
2351	(2,2,8,3,2,6,2,3,8)	(1,3,5,4,7,9,6,8,2)	p3.1
2352	(2,2,8,3,2,8,3,4,4)	(1,3,5,4,7,9,8,2,6)	p3.1
2353	(2,2,8,4,3,4,3,7,3)	(1,3,5,4,8,2,6,9,7)	p5.2
2354	(2,2,8,4,3,5,2,6,4)	(1,3,5,4,8,2,7,9,6)	p5.1
2355	(2,2,8,4,7,3,2,5,3)	(1,3,5,4,8,6,9,2,7)	p5.2
2356	(2,2,8,5,2,4,2,8,3)	(1,3,5,4,9,2,6,8,7)	p3.1
2357	(2,2,8,5,6,2,3,5,3)	(1,3,5,4,9,6,8,2,7)	p5.1
2358	(2,3,2,3,3,8,5,7,3)	(1,3,6,8,2,5,4,9,7)	m3.1
2359	(2,3,2,3,5,2,5,8,6)	(1,3,6,8,2,7,9,5,4)	a0.1
2360	(2,3,2,3,7,5,8,3,3)	(1,3,6,8,2,9,5,4,7)	m3.1
2361	(2,3,2,5,3,2,5,6,8)	(1,3,6,8,4,7,9,5,2)	p5.2
2362	(2,3,2,5,3,7,4,2,8)	(1,3,6,8,4,7,5,9,2)	a0.1
2363	(2,3,2,5,5,5,2,4,8)	(1,3,6,8,4,9,5,7,2)	p5.2
2364	(2,3,2,6,2,6,5,2,8)	(1,3,6,8,5,7,4,9,2)	p3.1
2365	(2,3,2,6,4,4,3,4,8)	(1,3,6,8,5,9,4,7,2)	p5.1
2366	(2,3,2,6,8,5,2,5,3)	(1,3,6,8,5,4,9,2,7)	a0.1
2367	(2,3,2,8,2,4,7,3,5)	(1,3,6,8,7,9,4,2,5)	a0.1
2368	(2,3,2,8,2,5,6,2,6)	(1,3,6,8,7,9,5,2,4)	p3.1
2369	(2,3,2,8,4,2,5,5,5)	(1,3,6,8,7,2,4,9,5)	p5.2
2370	(2,3,2,8,4,3,4,4,6)	(1,3,6,8,7,2,5,9,4)	p5.1
2371	(2,3,2,8,6,5,2,3,5)	(1,3,6,8,7,4,9,2,5)	p5.2
2372	(2,3,3,2,3,3,8,6,6)	(1,3,6,9,2,5,8,7,4)	a0.1
2373	(2,3,3,2,3,8,4,8,3)	(1,3,6,9,2,5,4,8,7)	a0.1
2374	(2,3,3,2,6,6,8,3,3)	(1,3,6,9,2,8,5,4,7)	a0.1
2375	(2,3,3,4,3,7,3,3,8)	(1,3,6,9,4,7,5,8,2)	p5.2
2376	(2,3,3,4,4,6,2,4,8)	(1,3,6,9,4,8,5,7,2)	p5.1
2377	(2,3,3,4,4,8,4,3,5)	(1,3,6,9,4,8,7,2,5)	a0.1
2378	(2,3,3,4,7,3,3,8,3)	(1,3,6,9,4,2,5,8,7)	a0.1
2379	(2,3,3,5,2,6,4,3,8)	(1,3,6,9,5,7,4,8,2)	p5.1
2380	(2,3,3,5,3,5,3,4,8)	(1,3,6,9,5,8,4,7,2)	p8.19
2381	(2,3,3,5,3,8,4,2,6)	(1,3,6,9,5,8,7,2,4)	p3.1
2382	(2,3,3,5,6,2,4,8,3)	(1,3,6,9,5,2,4,8,7)	p3.1
2383	(2,3,3,5,8,4,3,5,3)	(1,3,6,9,5,4,8,2,7)	a0.1
2384	(2,3,3,8,3,2,3,7,5)	(1,3,6,9,8,2,4,7,5)	p5.2
2385	(2,3,3,8,3,3,2,6,6)	(1,3,6,9,8,2,5,7,4)	p5.1
2386	(2,3,3,8,3,3,8,3,3)	(1,3,6,9,8,2,5,4,7)	a0.1
2387	(2,3,3,8,5,3,4,3,5)	(1,3,6,9,8,4,7,2,5)	p5.2
2388	(2,3,3,8,6,2,4,2,6)	(1,3,6,9,8,5,7,2,4)	p3.1
2389	(2,3,5,2,4,8,2,5,5)	(1,3,6,2,4,8,7,9,5)	p5.2
2390	(2,3,5,2,5,5,3,8,3)	(1,3,6,2,4,9,5,8,7)	p5.2
2391	(2,3,5,3,3,8,2,4,6)	(1,3,6,2,5,8,7,9,4)	p5.1
2392	(2,3,5,3,4,4,4,8,3)	(1,3,6,2,5,9,4,8,7)	p5.1
2393	(2,3,5,3,4,8,5,3,3)	(1,3,6,2,5,9,8,4,7)	a0.1
2394	(2,3,7,3,2,5,3,3,8)	(1,3,6,4,7,9,5,8,2)	p5.2
2395	(2,3,7,3,2,8,3,3,5)	(1,3,6,4,7,9,8,2,5)	p5.2
2396	(2,3,8,3,3,2,5,7,3)	(1,3,6,5,8,2,4,9,7)	p5.2
2397	(2,3,8,3,3,5,2,4,6)	(1,3,6,5,8,2,7,9,4)	p5.1
2398	(2,3,8,3,3,7,4,3,3)	(1,3,6,5,8,2,9,4,7)	a0.1
2399	(2,3,8,3,5,5,2,5,3)	(1,3,6,5,8,4,9,2,7)	p5.2
2400	(2,3,8,4,2,6,5,3,3)	(1,3,6,5,9,2,8,4,7)	p3.1
2401	(2,3,8,4,4,4,3,5,3)	(1,3,6,5,9,4,8,2,7)	p5.1
2402	(2,4,2,4,2,8,3,3,8)	(1,3,7,9,4,6,5,8,2)	p3.1
2403	(2,4,2,4,4,3,4,8,5)	(1,3,7,9,4,8,2,6,5)	p3.1
2404	(2,4,2,5,3,5,2,5,8)	(1,3,7,9,5,8,4,6,2)	p5.1
2405	(2,4,2,5,8,4,3,4,4)	(1,3,7,9,5,4,8,2,6)	p3.1
2406	(2,4,2,6,8,3,3,2,6)	(1,3,7,9,6,5,8,2,4)	p3.1
2407	(2,4,2,8,5,2,5,3,5)	(1,3,7,9,8,4,6,2,5)	p5.1
2408	(2,4,8,3,4,4,3,3,5)	(1,3,7,6,9,4,8,2,5)	p5.1
2409	(2,4,8,3,5,3,3,2,6)	(1,3,7,6,9,5,8,2,4)	p3.1
2410	(2,5,3,2,5,5,2,8,4)	(1,3,8,2,4,9,5,7,6)	p5.2
2411	(2,5,3,3,2,8,3,4,6)	(1,3,8,2,5,7,6,9,4)	p5.1
2412	(2,5,3,3,4,4,3,8,4)	(1,3,8,2,5,9,4,7,6)	p5.1
2413	(2,5,3,3,8,3,2,6,4)	(1,3,8,2,5,4,7,9,6)	p5.1
2414	(2,5,3,4,3,5,8,3,3)	(1,3,8,2,6,9,5,4,7)	p5.2
2415	(2,5,3,4,8,4,4,3,3)	(1,3,8,2,6,5,9,4,7)	a0.1
2416	(2,6,4,2,8,3,3,5,3)	(1,3,9,4,6,5,8,2,7)	p5.1
2417	(2,6,4,4,3,3,2,8,4)	(1,3,9,4,8,2,5,7,6)	p5.1
2418	(2,8,3,3,7,3,4,3,3)	(1,3,2,5,8,6,9,4,7)	p5.2
2419	(2,8,4,3,5,3,5,3,3)	(1,3,2,6,9,5,8,4,7)	p8.19
2420	(3,3,4,3,4,8,4,3,4)	(1,4,7,2,5,9,8,3,6)	p5.2
2421	(3,3,5,3,3,5,3,3,8)	(1,4,7,3,6,9,5,8,2)	p8.19
2422	(1,1,1,5,8,8,8,8,5)	(1,2,3,4,9,8,7,6,5)	a0.1
2423	(1,1,2,4,8,8,8,7,6)	(1,2,3,5,9,8,7,6,4)	a0.1
2424	(1,1,2,8,5,8,8,8,4)	(1,2,3,5,4,9,8,7,6)	a0.1
2425	(1,1,3,3,8,8,7,8,6)	(1,2,3,6,9,8,7,5,4)	a0.1
2426	(1,1,3,7,5,8,8,7,5)	(1,2,3,6,4,9,8,7,5)	m3.1
2427	(1,1,3,8,4,8,8,6,6)	(1,2,3,6,5,9,8,7,4)	a0.1
2428	(1,1,3,8,8,5,8,8,3)	(1,2,3,6,5,4,9,8,7)	a0.1
2429	(1,1,4,2,8,7,8,8,6)	(1,2,3,7,9,8,6,5,4)	a0.1
2430	(1,1,4,6,5,8,7,8,5)	(1,2,3,7,4,9,8,6,5)	a0.1
2431	(1,1,4,7,4,8,7,7,6)	(1,2,3,7,5,9,8,6,4)	a0.1
2432	(1,1,4,7,8,5,8,7,4)	(1,2,3,7,5,4,9,8,6)	a0.1
2433	(1,1,4,8,3,8,6,8,6)	(1,2,3,7,6,9,8,5,4)	a0.1
2434	(1,1,4,8,7,5,8,6,5)	(1,2,3,7,6,4,9,8,5)	a0.1
2435	(1,1,4,8,8,4,8,5,6)	(1,2,3,7,6,5,9,8,4)	a0.1
2436	(1,1,4,8,8,8,5,8,2)	(1,2,3,7,6,5,4,9,8)	a0.1
2437	(1,1,5,1,7,8,8,8,6)	(1,2,3,8,9,7,6,5,4)	a0.1
2438	(1,1,5,5,5,7,8,8,5)	(1,2,3,8,4,9,7,6,5)	m3.1
2439	(1,1,5,6,4,7,8,7,6)	(1,2,3,8,5,9,7,6,4)	a0.1
2440	(1,1,5,6,8,5,7,8,4)	(1,2,3,8,5,4,9,7,6)	a0.1
2441	(1,1,5,7,3,7,7,8,6)	(1,2,3,8,6,9,7,5,4)	m3.1
2442	(1,1,5,7,7,5,7,7,5)	(1,2,3,8,6,4,9,7,5)	p3.1
2443	(1,1,5,7,8,4,7,6,6)	(1,2,3,8,6,5,9,7,4)	a0.1
2444	(1,1,5,7,8,8,5,7,3)	(1,2,3,8,6,5,4,9,7)	m3.1
2445	(1,1,5,8,2,6,8,8,6)	(1,2,3,8,7,9,6,5,4)	a0.1
2446	(1,1,5,8,6,5,6,8,5)	(1,2,3,8,7,4,9,6,5)	a0.1
2447	(1,1,5,8,7,4,6,7,6)	(1,2,3,8,7,5,9,6,4)	a0.1
2448	(1,1,5,8,7,8,5,6,4)	(1,2,3,8,7,5,4,9,6)	a0.1
2449	(1,1,5,8,8,3,5,8,6)	(1,2,3,8,7,6,9,5,4)	a0.1
2450	(1,1,5,8,8,7,5,5,5)	(1,2,3,8,7,6,4,9,5)	m3.1
2451	(1,1,5,8,8,8,4,4,6)	(1,2,3,8,7,6,5,9,4)	a0.1
2452	(1,1,6,4,4,8,8,8,5)	(1,2,3,9,4,8,7,6,5)	a0.1
2453	(1,1,6,5,3,8,8,7,6)	(1,2,3,9,5,8,7,6,4)	a0.1
2454	(1,1,6,5,8,4,8,8,4)	(1,2,3,9,5,4,8,7,6)	a0.1
2455	(1,1,6,6,2,8,7,8,6)	(1,2,3,9,6,8,7,5,4)	a0.1
2456	(1,1,6,6,7,4,8,7,5)	(1,2,3,9,6,4,8,7,5)	a0.1
2457	(1,1,6,6,8,3,8,6,6)	(1,2,3,9,6,5,8,7,4)	a0.1
2458	(1,1,6,6,8,8,4,8,3)	(1,2,3,9,6,5,4,8,7)	a0.1
2459	(1,1,6,7,1,7,8,8,6)	(1,2,3,9,7,8,6,5,4)	a0.1
2460	(1,1,6,7,6,4,7,8,5)	(1,2,3,9,7,4,8,6,5)	a0.1
2461	(1,1,6,7,7,3,7,7,6)	(1,2,3,9,7,5,8,6,4)	m3.1
2462	(1,1,6,7,7,8,4,7,4)	(1,2,3,9,7,5,4,8,6)	a0.1
2463	(1,1,6,7,8,2,6,8,6)	(1,2,3,9,7,6,8,5,4)	a0.1
2464	(1,1,6,7,8,7,4,6,5)	(1,2,3,9,7,6,4,8,5)	a0.1
2465	(1,1,6,7,8,8,3,5,6)	(1,2,3,9,7,6,5,8,4)	a0.1
2466	(1,1,6,7,8,8,8,4,2)	(1,2,3,9,7,6,5,4,8)	a0.1
2467	(1,1,6,8,5,3,8,8,5)	(1,2,3,9,8,4,7,6,5)	a0.1
2468	(1,1,6,8,6,2,8,7,6)	(1,2,3,9,8,5,7,6,4)	a0.1
2469	(1,1,6,8,6,8,3,8,4)	(1,2,3,9,8,5,4,7,6)	a0.1
2470	(1,1,6,8,7,1,7,8,6)	(1,2,3,9,8,6,7,5,4)	a0.1
2471	(1,1,6,8,7,7,3,7,5)	(1,2,3,9,8,6,4,7,5)	m3.1
2472	(1,1,6,8,7,8,2,6,6)	(1,2,3,9,8,6,5,7,4)	a0.1
2473	(1,1,6,8,7,8,8,3,3)	(1,2,3,9,8,6,5,4,7)	a0.1
2474	(1,1,6,8,8,6,2,8,5)	(1,2,3,9,8,7,4,6,5)	a0.1
2475	(1,1,6,8,8,7,1,7,6)	(1,2,3,9,8,7,5,6,4)	a0.1
2476	(1,1,6,8,8,7,8,2,4)	(1,2,3,9,8,7,5,4,6)	a0.1
2477	(1,1,6,8,8,8,7,1,5)	(1,2,3,9,8,7,6,4,5)	a0.1
2478	(1,2,1,4,8,8,8,6,7)	(1,2,4,5,9,8,7,6,3)	a0.1
2479	(1,2,1,7,6,8,8,8,4)	(1,2,4,5,3,9,8,7,6)	a0.1
2480	(1,2,2,3,8,8,7,7,7)	(1,2,4,6,9,8,7,5,3)	a0.1
2481	(1,2,2,6,6,8,8,7,5)	(1,2,4,6,3,9,8,7,5)	a0.1
2482	(1,2,2,8,4,8,8,5,7)	(1,2,4,6,5,9,8,7,3)	a0.1
2483	(1,2,2,8,7,6,8,8,3)	(1,2,4,6,5,3,9,8,7)	a0.1
2484	(1,2,3,2,8,7,8,7,7)	(1,2,4,7,9,8,6,5,3)	a0.1
2485	(1,2,3,5,6,8,7,8,5)	(1,2,4,7,3,9,8,6,5)	a0.1
2486	(1,2,3,7,4,8,7,6,7)	(1,2,4,7,5,9,8,6,3)	a0.1
2487	(1,2,3,7,7,6,8,7,4)	(1,2,4,7,5,3,9,8,6)	m3.1
2488	(1,2,3,8,3,8,6,7,7)	(1,2,4,7,6,9,8,5,3)	a0.1
2489	(1,2,3,8,6,6,8,6,5)	(1,2,4,7,6,3,9,8,5)	a0.1
2490	(1,2,3,8,8,4,8,4,7)	(1,2,4,7,6,5,9,8,3)	a0.1
2491	(1,2,3,8,8,7,6,8,2)	(1,2,4,7,6,5,3,9,8)	a0.1
2492	(1,2,4,1,7,8,8,7,7)	(1,2,4,8,9,7,6,5,3)	a0.1
2493	(1,2,4,4,6,7,8,8,5)	(1,2,4,8,3,9,7,6,5)	a0.1
2494	(1,2,4,6,4,7,8,6,7)	(1,2,4,8,5,9,7,6,3)	a0.1
2495	(1,2,4,6,7,6,7,8,4)	(1,2,4,8,5,3,9,7,6)	a0.1
2496	(1,2,4,7,3,7,7,7,7)	(1,2,4,8,6,9,7,5,3)	m3.1
2497	(1,2,4,7,6,6,7,7,5)	(1,2,4,8,6,3,9,7,5)	a0.1
2498	(1,2,4,7,8,4,7,5,7)	(1,2,4,8,6,5,9,7,3)	a0.1
2499	(1,2,4,7,8,7,6,7,3)	(1,2,4,8,6,5,3,9,7)	a0.1
2500	(1,2,4,8,2,6,8,7,7)	(1,2,4,8,7,9,6,5,3)	a0.1
2501	(1,2,4,8,5,6,6,8,5)	(1,2,4,8,7,3,9,6,5)	a0.1
2502	(1,2,4,8,7,4,6,6,7)	(1,2,4,8,7,5,9,6,3)	a0.1
2503	(1,2,4,8,7,7,6,6,4)	(1,2,4,8,7,5,3,9,6)	a0.1
2504	(1,2,4,8,8,3,5,7,7)	(1,2,4,8,7,6,9,5,3)	a0.1
2505	(1,2,4,8,8,6,6,5,5)	(1,2,4,8,7,6,3,9,5)	a0.1
2506	(1,2,4,8,8,8,4,3,7)	(1,2,4,8,7,6,5,9,3)	a0.1
2507	(1,2,5,3,5,8,8,8,5)	(1,2,4,9,3,8,7,6,5)	a0.1
2508	(1,2,5,5,3,8,8,6,7)	(1,2,4,9,5,8,7,6,3)	a0.1
2509	(1,2,5,5,7,5,8,8,4)	(1,2,4,9,5,3,8,7,6)	m3.1
2510	(1,2,5,6,2,8,7,7,7)	(1,2,4,9,6,8,7,5,3)	a0.1
2511	(1,2,5,6,6,5,8,7,5)	(1,2,4,9,6,3,8,7,5)	a0.1
2512	(1,2,5,6,8,3,8,5,7)	(1,2,4,9,6,5,8,7,3)	a0.1
2513	(1,2,5,6,8,7,5,8,3)	(1,2,4,9,6,5,3,8,7)	a0.1
2514	(1,2,5,7,1,7,8,7,7)	(1,2,4,9,7,8,6,5,3)	a0.1
2515	(1,2,5,7,5,5,7,8,5)	(1,2,4,9,7,3,8,6,5)	m3.1
2516	(1,2,5,7,7,3,7,6,7)	(1,2,4,9,7,5,8,6,3)	m3.1
2517	(1,2,5,7,7,7,5,7,4)	(1,2,4,9,7,5,3,8,6)	p3.1
2518	(1,2,5,7,8,2,6,7,7)	(1,2,4,9,7,6,8,5,3)	a0.1
2519	(1,2,5,7,8,6,5,6,5)	(1,2,4,9,7,6,3,8,5)	a0.1
2520	(1,2,5,7,8,8,3,4,7)	(1,2,4,9,7,6,5,8,3)	a0.1
2521	(1,2,5,7,8,8,7,5,2)	(1,2,4,9,7,6,5,3,8)	m3.1
2522	(1,2,5,8,4,4,8,8,5)	(1,2,4,9,8,3,7,6,5)	a0.1
2523	(1,2,5,8,6,2,8,6,7)	(1,2,4,9,8,5,7,6,3)	a0.1
2524	(1,2,5,8,6,7,4,8,4)	(1,2,4,9,8,5,3,7,6)	a0.1
2525	(1,2,5,8,7,1,7,7,7)	(1,2,4,9,8,6,7,5,3)	a0.1
2526	(1,2,5,8,7,6,4,7,5)	(1,2,4,9,8,6,3,7,5)	a0.1
2527	(1,2,5,8,7,8,2,5,7)	(1,2,4,9,8,6,5,7,3)	a0.1
2528	(1,2,5,8,7,8,7,4,3)	(1,2,4,9,8,6,5,3,7)	a0.1
2529	(1,2,5,8,8,5,3,8,5)	(1,2,4,9,8,7,3,6,5)	a0.1
2530	(1,2,5,8,8,7,1,6,7)	(1,2,4,9,8,7,5,6,3)	a0.1
2531	(1,2,5,8,8,7,7,3,4)	(1,2,4,9,8,7,5,3,6)	m3.1
2532	(1,2,5,8,8,8,6,2,5)	(1,2,4,9,8,7,6,3,5)	a0.1
2533	(1,2,8,2,4,8,8,8,4)	(1,2,4,3,5,9,8,7,6)	a0.1
2534	(1,2,8,3,3,8,8,7,5)	(1,2,4,3,6,9,8,7,5)	a0.1
2535	(1,2,8,3,8,4,8,8,3)	(1,2,4,3,6,5,9,8,7)	a0.1
2536	(1,2,8,4,2,8,7,8,5)	(1,2,4,3,7,9,8,6,5)	a0.1
2537	(1,2,8,4,7,4,8,7,4)	(1,2,4,3,7,5,9,8,6)	a0.1
2538	(1,2,8,4,8,3,8,6,5)	(1,2,4,3,7,6,9,8,5)	a0.1
2539	(1,2,8,4,8,8,4,8,2)	(1,2,4,3,7,6,5,9,8)	a0.1
2540	(1,2,8,5,1,7,8,8,5)	(1,2,4,3,8,9,7,6,5)	a0.1
2541	(1,2,8,5,6,4,7,8,4)	(1,2,4,3,8,5,9,7,6)	a0.1
2542	(1,2,8,5,7,3,7,7,5)	(1,2,4,3,8,6,9,7,5)	m3.1
2543	(1,2,8,5,7,8,4,7,3)	(1,2,4,3,8,6,5,9,7)	a0.1
2544	(1,2,8,5,8,2,6,8,5)	(1,2,4,3,8,7,9,6,5)	a0.1
2545	(1,2,8,5,8,7,4,6,4)	(1,2,4,3,8,7,5,9,6)	a0.1
2546	(1,2,8,5,8,8,3,5,5)	(1,2,4,3,8,7,6,9,5)	a0.1
2547	(1,2,8,6,5,3,8,8,4)	(1,2,4,3,9,5,8,7,6)	a0.1
2548	(1,2,8,6,6,2,8,7,5)	(1,2,4,3,9,6,8,7,5)	a0.1
2549	(1,2,8,6,6,8,3,8,3)	(1,2,4,3,9,6,5,8,7)	a0.1
2550	(1,2,8,6,7,1,7,8,5)	(1,2,4,3,9,7,8,6,5)	a0.1
2551	(1,2,8,6,7,7,3,7,4)	(1,2,4,3,9,7,5,8,6)	m3.1
2552	(1,2,8,6,7,8,2,6,5)	(1,2,4,3,9,7,6,8,5)	a0.1
2553	(1,2,8,6,7,8,8,3,2)	(1,2,4,3,9,7,6,5,8)	a0.1
2554	(1,2,8,6,8,6,2,8,4)	(1,2,4,3,9,8,5,7,6)	a0.1
2555	(1,2,8,6,8,7,1,7,5)	(1,2,4,3,9,8,6,7,5)	a0.1
2556	(1,2,8,6,8,7,8,2,3)	(1,2,4,3,9,8,6,5,7)	a0.1
2557	(1,2,8,6,8,8,7,1,4)	(1,2,4,3,9,8,7,5,6)	a0.1
2558	(1,3,1,3,8,8,6,8,7)	(1,2,5,6,9,8,7,4,3)	a0.1
2559	(1,3,1,6,6,8,8,6,6)	(1,2,5,6,3,9,8,7,4)	a0.1
2560	(1,3,1,7,5,8,8,5,7)	(1,2,5,6,4,9,8,7,3)	a0.1
2561	(1,3,1,7,8,6,8,8,3)	(1,2,5,6,4,3,9,8,7)	a0.1
2562	(1,3,2,2,8,7,7,8,7)	(1,2,5,7,9,8,6,4,3)	a0.1
2563	(1,3,2,5,6,8,7,7,6)	(1,2,5,7,3,9,8,6,4)	a0.1
2564	(1,3,2,6,5,8,7,6,7)	(1,2,5,7,4,9,8,6,3)	p3.1
2565	(1,3,2,6,8,6,8,7,4)	(1,2,5,7,4,3,9,8,6)	a0.1
2566	(1,3,2,8,3,8,5,8,7)	(1,2,5,7,6,9,8,4,3)	a0.1
2567	(1,3,2,8,6,6,8,5,6)	(1,2,5,7,6,3,9,8,4)	a0.1
2568	(1,3,2,8,7,5,8,4,7)	(1,2,5,7,6,4,9,8,3)	a0.1
2569	(1,3,2,8,7,8,6,8,2)	(1,2,5,7,6,4,3,9,8)	a0.1
2570	(1,3,3,1,7,8,7,8,7)	(1,2,5,8,9,7,6,4,3)	a0.1
2571	(1,3,3,4,6,7,8,7,6)	(1,2,5,8,3,9,7,6,4)	a0.1
2572	(1,3,3,5,5,7,8,6,7)	(1,2,5,8,4,9,7,6,3)	a0.1
2573	(1,3,3,5,8,6,7,8,4)	(1,2,5,8,4,3,9,7,6)	a0.1
2574	(1,3,3,7,3,7,6,8,7)	(1,2,5,8,6,9,7,4,3)	m3.1
2575	(1,3,3,7,6,6,7,6,6)	(1,2,5,8,6,3,9,7,4)	a0.1
2576	(1,3,3,7,7,5,7,5,7)	(1,2,5,8,6,4,9,7,3)	a4.1
2577	(1,3,3,7,7,8,6,7,3)	(1,2,5,8,6,4,3,9,7)	m3.1
2578	(1,3,3,8,2,6,7,8,7)	(1,2,5,8,7,9,6,4,3)	a0.1
2579	(1,3,3,8,5,6,6,7,6)	(1,2,5,8,7,3,9,6,4)	a0.1
2580	(1,3,3,8,6,5,6,6,7)	(1,2,5,8,7,4,9,6,3)	a0.1
2581	(1,3,3,8,6,8,6,6,4)	(1,2,5,8,7,4,3,9,6)	a0.1
2582	(1,3,3,8,8,3,4,8,7)	(1,2,5,8,7,6,9,4,3)	a0.1
2583	(1,3,3,8,8,6,6,4,6)	(1,2,5,8,7,6,3,9,4)	a0.1
2584	(1,3,3,8,8,7,5,3,7)	(1,2,5,8,7,6,4,9,3)	a0.1
2585	(1,3,4,3,5,8,8,7,6)	(1,2,5,9,3,8,7,6,4)	a0.1
2586	(1,3,4,4,4,8,8,6,7)	(1,2,5,9,4,8,7,6,3)	p3.1
2587	(1,3,4,4,8,5,8,8,4)	(1,2,5,9,4,3,8,7,6)	a0.1
2588	(1,3,4,6,2,8,6,8,7)	(1,2,5,9,6,8,7,4,3)	a0.1
2589	(1,3,4,6,6,5,8,6,6)	(1,2,5,9,6,3,8,7,4)	a0.1
2590	(1,3,4,6,7,4,8,5,7)	(1,2,5,9,6,4,8,7,3)	a0.1
2591	(1,3,4,6,7,8,5,8,3)	(1,2,5,9,6,4,3,8,7)	a0.1
2592	(1,3,4,7,1,7,7,8,7)	(1,2,5,9,7,8,6,4,3)	a0.1
2593	(1,3,4,7,5,5,7,7,6)	(1,2,5,9,7,3,8,6,4)	m3.1
2594	(1,3,4,7,6,4,7,6,7)	(1,2,5,9,7,4,8,6,3)	m5.2
2595	(1,3,4,7,6,8,5,7,4)	(1,2,5,9,7,4,3,8,6)	a0.1
2596	(1,3,4,7,8,2,5,8,7)	(1,2,5,9,7,6,8,4,3)	a0.1
2597	(1,3,4,7,8,6,5,5,6)	(1,2,5,9,7,6,3,8,4)	a0.1
2598	(1,3,4,7,8,7,4,4,7)	(1,2,5,9,7,6,4,8,3)	p3.1
2599	(1,3,4,7,8,7,8,5,2)	(1,2,5,9,7,6,4,3,8)	a0.1
2600	(1,3,4,8,4,4,8,7,6)	(1,2,5,9,8,3,7,6,4)	a0.1
2601	(1,3,4,8,5,3,8,6,7)	(1,2,5,9,8,4,7,6,3)	a0.1
2602	(1,3,4,8,5,8,4,8,4)	(1,2,5,9,8,4,3,7,6)	a0.1
2603	(1,3,4,8,7,1,6,8,7)	(1,2,5,9,8,6,7,4,3)	a0.1
2604	(1,3,4,8,7,6,4,6,6)	(1,2,5,9,8,6,3,7,4)	a0.1
2605	(1,3,4,8,7,7,3,5,7)	(1,2,5,9,8,6,4,7,3)	a0.1
2606	(1,3,4,8,7,7,8,4,3)	(1,2,5,9,8,6,4,3,7)	a0.1
2607	(1,3,4,8,8,5,3,7,6)	(1,2,5,9,8,7,3,6,4)	a0.1
2608	(1,3,4,8,8,6,2,6,7)	(1,2,5,9,8,7,4,6,3)	p3.1
2609	(1,3,4,8,8,6,8,3,4)	(1,2,5,9,8,7,4,3,6)	a0.1
2610	(1,3,4,8,8,8,6,1,6)	(1,2,5,9,8,7,6,3,4)	a0.1
2611	(1,3,7,1,5,8,8,8,4)	(1,2,5,3,4,9,8,7,6)	a0.1
2612	(1,3,7,3,3,8,8,6,6)	(1,2,5,3,6,9,8,7,4)	a0.1
2613	(1,3,7,3,7,5,8,8,3)	(1,2,5,3,6,4,9,8,7)	m3.1
2614	(1,3,7,4,2,8,7,7,6)	(1,2,5,3,7,9,8,6,4)	a0.1
2615	(1,3,7,4,6,5,8,7,4)	(1,2,5,3,7,4,9,8,6)	a0.1
2616	(1,3,7,4,8,3,8,5,6)	(1,2,5,3,7,6,9,8,4)	a0.1
2617	(1,3,7,4,8,7,5,8,2)	(1,2,5,3,7,6,4,9,8)	a0.1
2618	(1,3,7,5,1,7,8,7,6)	(1,2,5,3,8,9,7,6,4)	a0.1
2619	(1,3,7,5,5,5,7,8,4)	(1,2,5,3,8,4,9,7,6)	m3.1
2620	(1,3,7,5,7,3,7,6,6)	(1,2,5,3,8,6,9,7,4)	m3.1
2621	(1,3,7,5,7,7,5,7,3)	(1,2,5,3,8,6,4,9,7)	p3.1
2622	(1,3,7,5,8,2,6,7,6)	(1,2,5,3,8,7,9,6,4)	a0.1
2623	(1,3,7,5,8,6,5,6,4)	(1,2,5,3,8,7,4,9,6)	a0.1
2624	(1,3,7,5,8,8,3,4,6)	(1,2,5,3,8,7,6,9,4)	a0.1
2625	(1,3,7,6,4,4,8,8,4)	(1,2,5,3,9,4,8,7,6)	a0.1
2626	(1,3,7,6,6,2,8,6,6)	(1,2,5,3,9,6,8,7,4)	a0.1
2627	(1,3,7,6,6,7,4,8,3)	(1,2,5,3,9,6,4,8,7)	a0.1
2628	(1,3,7,6,7,1,7,7,6)	(1,2,5,3,9,7,8,6,4)	a0.1
2629	(1,3,7,6,7,6,4,7,4)	(1,2,5,3,9,7,4,8,6)	a0.1
2630	(1,3,7,6,7,8,2,5,6)	(1,2,5,3,9,7,6,8,4)	a0.1
2631	(1,3,7,6,7,8,7,4,2)	(1,2,5,3,9,7,6,4,8)	a0.1
2632	(1,3,7,6,8,5,3,8,4)	(1,2,5,3,9,8,4,7,6)	a0.1
2633	(1,3,7,6,8,7,1,6,6)	(1,2,5,3,9,8,6,7,4)	a0.1
2634	(1,3,7,6,8,7,7,3,3)	(1,2,5,3,9,8,6,4,7)	m3.1
2635	(1,3,7,6,8,8,6,2,4)	(1,2,5,3,9,8,7,4,6)	a0.1
2636	(1,3,8,2,3,8,8,5,7)	(1,2,5,4,6,9,8,7,3)	a0.1
2637	(1,3,8,2,6,6,8,8,3)	(1,2,5,4,6,3,9,8,7)	a0.1
2638	(1,3,8,3,2,8,7,6,7)	(1,2,5,4,7,9,8,6,3)	a0.1
2639	(1,3,8,3,5,6,8,7,4)	(1,2,5,4,7,3,9,8,6)	a0.1
2640	(1,3,8,3,8,3,8,4,7)	(1,2,5,4,7,6,9,8,3)	a0.1
2641	(1,3,8,3,8,6,6,8,2)	(1,2,5,4,7,6,3,9,8)	a0.1
2642	(1,3,8,4,1,7,8,6,7)	(1,2,5,4,8,9,7,6,3)	a0.1
2643	(1,3,8,4,4,6,7,8,4)	(1,2,5,4,8,3,9,7,6)	a0.1
2644	(1,3,8,4,7,3,7,5,7)	(1,2,5,4,8,6,9,7,3)	m3.1
2645	(1,3,8,4,7,6,6,7,3)	(1,2,5,4,8,6,3,9,7)	a0.1
2646	(1,3,8,4,8,2,6,6,7)	(1,2,5,4,8,7,9,6,3)	a0.1
2647	(1,3,8,4,8,5,6,6,4)	(1,2,5,4,8,7,3,9,6)	a0.1
2648	(1,3,8,4,8,8,3,3,7)	(1,2,5,4,8,7,6,9,3)	a0.1
2649	(1,3,8,5,3,5,8,8,4)	(1,2,5,4,9,3,8,7,6)	a0.1
2650	(1,3,8,5,6,2,8,5,7)	(1,2,5,4,9,6,8,7,3)	a0.1
2651	(1,3,8,5,6,6,5,8,3)	(1,2,5,4,9,6,3,8,7)	a0.1
2652	(1,3,8,5,7,1,7,6,7)	(1,2,5,4,9,7,8,6,3)	a0.1
2653	(1,3,8,5,7,5,5,7,4)	(1,2,5,4,9,7,3,8,6)	m3.1
2654	(1,3,8,5,7,8,2,4,7)	(1,2,5,4,9,7,6,8,3)	a0.1
2655	(1,3,8,5,7,8,6,5,2)	(1,2,5,4,9,7,6,3,8)	a0.1
2656	(1,3,8,5,8,4,4,8,4)	(1,2,5,4,9,8,3,7,6)	a0.1
2657	(1,3,8,5,8,7,1,5,7)	(1,2,5,4,9,8,6,7,3)	a0.1
2658	(1,3,8,5,8,7,6,4,3)	(1,2,5,4,9,8,6,3,7)	a0.1
2659	(1,3,8,5,8,8,5,3,4)	(1,2,5,4,9,8,7,3,6)	a0.1
2660	(1,3,8,8,3,3,8,8,3)	(1,2,5,4,3,6,9,8,7)	a0.1
2661	(1,3,8,8,4,2,8,7,4)	(1,2,5,4,3,7,9,8,6)	a0.1
2662	(1,3,8,8,4,8,3,8,2)	(1,2,5,4,3,7,6,9,8)	a0.1
2663	(1,3,8,8,5,1,7,8,4)	(1,2,5,4,3,8,9,7,6)	a0.1
2664	(1,3,8,8,5,7,3,7,3)	(1,2,5,4,3,8,6,9,7)	m3.1
2665	(1,3,8,8,5,8,2,6,4)	(1,2,5,4,3,8,7,9,6)	a0.1
2666	(1,3,8,8,6,6,2,8,3)	(1,2,5,4,3,9,6,8,7)	a0.1
2667	(1,3,8,8,6,7,1,7,4)	(1,2,5,4,3,9,7,8,6)	a0.1
2668	(1,3,8,8,6,7,8,2,2)	(1,2,5,4,3,9,7,6,8)	a0.1
2669	(1,4,1,5,6,8,6,8,6)	(1,2,6,7,3,9,8,5,4)	a0.1
2670	(1,4,1,6,5,8,6,7,7)	(1,2,6,7,4,9,8,5,3)	a0.1
2671	(1,4,1,6,8,6,8,6,5)	(1,2,6,7,4,3,9,8,5)	a0.1
2672	(1,4,1,7,4,8,5,8,7)	(1,2,6,7,5,9,8,4,3)	a0.1
2673	(1,4,1,7,7,6,8,5,6)	(1,2,6,7,5,3,9,8,4)	a0.1
2674	(1,4,1,7,8,5,8,4,7)	(1,2,6,7,5,4,9,8,3)	a0.1
2675	(1,4,1,7,8,8,6,8,2)	(1,2,6,7,5,4,3,9,8)	a0.1
2676	(1,4,2,1,7,7,8,8,7)	(1,2,6,8,9,7,5,4,3)	a0.1
2677	(1,4,2,4,6,7,7,8,6)	(1,2,6,8,3,9,7,5,4)	a0.1
2678	(1,4,2,5,5,7,7,7,7)	(1,2,6,8,4,9,7,5,3)	a4.1
2679	(1,4,2,5,8,6,7,7,5)	(1,2,6,8,4,3,9,7,5)	a0.1
2680	(1,4,2,6,4,7,6,8,7)	(1,2,6,8,5,9,7,4,3)	a0.1
2681	(1,4,2,6,7,6,7,6,6)	(1,2,6,8,5,3,9,7,4)	p3.1
2682	(1,4,2,6,8,5,7,5,7)	(1,2,6,8,5,4,9,7,3)	a0.1
2683	(1,4,2,6,8,8,6,7,3)	(1,2,6,8,5,4,3,9,7)	a0.1
2684	(1,4,2,8,2,5,8,8,7)	(1,2,6,8,7,9,5,4,3)	a0.1
2685	(1,4,2,8,5,6,5,8,6)	(1,2,6,8,7,3,9,5,4)	a0.1
2686	(1,4,2,8,6,5,5,7,7)	(1,2,6,8,7,4,9,5,3)	m3.1
2687	(1,4,2,8,6,8,6,5,5)	(1,2,6,8,7,4,3,9,5)	a0.1
2688	(1,4,2,8,7,4,4,8,7)	(1,2,6,8,7,5,9,4,3)	a0.1
2689	(1,4,2,8,7,7,6,4,6)	(1,2,6,8,7,5,3,9,4)	a0.1
2690	(1,4,2,8,7,8,5,3,7)	(1,2,6,8,7,5,4,9,3)	a0.1
2691	(1,4,3,3,5,8,7,8,6)	(1,2,6,9,3,8,7,5,4)	a0.1
2692	(1,4,3,4,4,8,7,7,7)	(1,2,6,9,4,8,7,5,3)	a0.1
2693	(1,4,3,4,8,5,8,7,5)	(1,2,6,9,4,3,8,7,5)	a0.1
2694	(1,4,3,5,3,8,6,8,7)	(1,2,6,9,5,8,7,4,3)	a0.1
2695	(1,4,3,5,7,5,8,6,6)	(1,2,6,9,5,3,8,7,4)	a0.1
2696	(1,4,3,5,8,4,8,5,7)	(1,2,6,9,5,4,8,7,3)	a0.1
2697	(1,4,3,5,8,8,5,8,3)	(1,2,6,9,5,4,3,8,7)	a0.1
2698	(1,4,3,7,1,6,8,8,7)	(1,2,6,9,7,8,5,4,3)	a0.1
2699	(1,4,3,7,5,5,6,8,6)	(1,2,6,9,7,3,8,5,4)	m3.1
2700	(1,4,3,7,6,4,6,7,7)	(1,2,6,9,7,4,8,5,3)	m5.1
2701	(1,4,3,7,6,8,5,6,5)	(1,2,6,9,7,4,3,8,5)	a0.1
2702	(1,4,3,7,7,3,5,8,7)	(1,2,6,9,7,5,8,4,3)	m3.1
2703	(1,4,3,7,7,7,5,5,6)	(1,2,6,9,7,5,3,8,4)	a4.1
2704	(1,4,3,7,7,8,4,4,7)	(1,2,6,9,7,5,4,8,3)	a0.1
2705	(1,4,3,7,7,8,8,5,2)	(1,2,6,9,7,5,4,3,8)	m3.1
2706	(1,4,3,8,4,4,7,8,6)	(1,2,6,9,8,3,7,5,4)	a0.1
2707	(1,4,3,8,5,3,7,7,7)	(1,2,6,9,8,4,7,5,3)	m3.1
2708	(1,4,3,8,5,8,4,7,5)	(1,2,6,9,8,4,3,7,5)	a0.1
2709	(1,4,3,8,6,2,6,8,7)	(1,2,6,9,8,5,7,4,3)	a0.1
2710	(1,4,3,8,6,7,4,6,6)	(1,2,6,9,8,5,3,7,4)	a0.1
2711	(1,4,3,8,6,8,3,5,7)	(1,2,6,9,8,5,4,7,3)	a0.1
2712	(1,4,3,8,6,8,8,4,3)	(1,2,6,9,8,5,4,3,7)	a0.1
2713	(1,4,3,8,8,5,2,8,6)	(1,2,6,9,8,7,3,5,4)	a0.1
2714	(1,4,3,8,8,6,1,7,7)	(1,2,6,9,8,7,4,5,3)	a0.1
2715	(1,4,3,8,8,6,8,2,5)	(1,2,6,9,8,7,4,3,5)	a0.1
2716	(1,4,3,8,8,7,7,1,6)	(1,2,6,9,8,7,5,3,4)	a0.1
2717	(1,4,6,1,5,8,8,7,5)	(1,2,6,3,4,9,8,7,5)	a0.1
2718	(1,4,6,2,4,8,8,6,6)	(1,2,6,3,5,9,8,7,4)	p3.1
2719	(1,4,6,2,8,5,8,8,3)	(1,2,6,3,5,4,9,8,7)	a0.1
2720	(1,4,6,4,2,8,6,8,6)	(1,2,6,3,7,9,8,5,4)	a0.1
2721	(1,4,6,4,6,5,8,6,5)	(1,2,6,3,7,4,9,8,5)	a0.1
2722	(1,4,6,4,7,4,8,5,6)	(1,2,6,3,7,5,9,8,4)	a0.1
2723	(1,4,6,4,7,8,5,8,2)	(1,2,6,3,7,5,4,9,8)	a0.1
2724	(1,4,6,5,1,7,7,8,6)	(1,2,6,3,8,9,7,5,4)	a0.1
2725	(1,4,6,5,5,5,7,7,5)	(1,2,6,3,8,4,9,7,5)	m3.1
2726	(1,4,6,5,6,4,7,6,6)	(1,2,6,3,8,5,9,7,4)	m5.2
2727	(1,4,6,5,6,8,5,7,3)	(1,2,6,3,8,5,4,9,7)	a0.1
2728	(1,4,6,5,8,2,5,8,6)	(1,2,6,3,8,7,9,5,4)	a0.1
2729	(1,4,6,5,8,6,5,5,5)	(1,2,6,3,8,7,4,9,5)	a0.1
2730	(1,4,6,5,8,7,4,4,6)	(1,2,6,3,8,7,5,9,4)	p3.1
2731	(1,4,6,6,4,4,8,7,5)	(1,2,6,3,9,4,8,7,5)	a0.1
2732	(1,4,6,6,5,3,8,6,6)	(1,2,6,3,9,5,8,7,4)	a0.1
2733	(1,4,6,6,5,8,4,8,3)	(1,2,6,3,9,5,4,8,7)	a0.1
2734	(1,4,6,6,7,1,6,8,6)	(1,2,6,3,9,7,8,5,4)	a0.1
2735	(1,4,6,6,7,6,4,6,5)	(1,2,6,3,9,7,4,8,5)	a0.1
2736	(1,4,6,6,7,7,3,5,6)	(1,2,6,3,9,7,5,8,4)	a0.1
2737	(1,4,6,6,7,7,8,4,2)	(1,2,6,3,9,7,5,4,8)	a0.1
2738	(1,4,6,6,8,5,3,7,5)	(1,2,6,3,9,8,4,7,5)	a0.1
2739	(1,4,6,6,8,6,2,6,6)	(1,2,6,3,9,8,5,7,4)	p3.1
2740	(1,4,6,6,8,6,8,3,3)	(1,2,6,3,9,8,5,4,7)	a0.1
2741	(1,4,6,6,8,8,6,1,5)	(1,2,6,3,9,8,7,4,5)	a0.1
2742	(1,4,7,1,4,8,8,5,7)	(1,2,6,4,5,9,8,7,3)	a0.1
2743	(1,4,7,1,7,6,8,8,3)	(1,2,6,4,5,3,9,8,7)	a0.1
2744	(1,4,7,3,2,8,6,7,7)	(1,2,6,4,7,9,8,5,3)	m3.1
2745	(1,4,7,3,5,6,8,6,5)	(1,2,6,4,7,3,9,8,5)	a0.1
2746	(1,4,7,3,7,4,8,4,7)	(1,2,6,4,7,5,9,8,3)	m3.1
2747	(1,4,7,3,7,7,6,8,2)	(1,2,6,4,7,5,3,9,8)	m3.1
2748	(1,4,7,4,1,7,7,7,7)	(1,2,6,4,8,9,7,5,3)	m3.1
2749	(1,4,7,4,4,6,7,7,5)	(1,2,6,4,8,3,9,7,5)	a0.1
2750	(1,4,7,4,6,4,7,5,7)	(1,2,6,4,8,5,9,7,3)	m5.1
2751	(1,4,7,4,6,7,6,7,3)	(1,2,6,4,8,5,3,9,7)	a0.1
2752	(1,4,7,4,8,2,5,7,7)	(1,2,6,4,8,7,9,5,3)	m3.1
2753	(1,4,7,4,8,5,6,5,5)	(1,2,6,4,8,7,3,9,5)	a0.1
2754	(1,4,7,4,8,7,4,3,7)	(1,2,6,4,8,7,5,9,3)	a0.1
2755	(1,4,7,5,3,5,8,7,5)	(1,2,6,4,9,3,8,7,5)	a0.1
2756	(1,4,7,5,5,3,8,5,7)	(1,2,6,4,9,5,8,7,3)	m3.1
2757	(1,4,7,5,5,7,5,8,3)	(1,2,6,4,9,5,3,8,7)	m3.1
2758	(1,4,7,5,7,1,6,7,7)	(1,2,6,4,9,7,8,5,3)	m3.1
2759	(1,4,7,5,7,5,5,6,5)	(1,2,6,4,9,7,3,8,5)	m3.1
2760	(1,4,7,5,7,7,3,4,7)	(1,2,6,4,9,7,5,8,3)	a4.1
2761	(1,4,7,5,7,7,7,5,2)	(1,2,6,4,9,7,5,3,8)	p3.1
2762	(1,4,7,5,8,4,4,7,5)	(1,2,6,4,9,8,3,7,5)	a0.1
2763	(1,4,7,5,8,6,2,5,7)	(1,2,6,4,9,8,5,7,3)	a0.1
2764	(1,4,7,5,8,6,7,4,3)	(1,2,6,4,9,8,5,3,7)	a0.1
2765	(1,4,7,5,8,8,5,2,5)	(1,2,6,4,9,8,7,3,5)	a0.1
2766	(1,4,7,8,2,4,8,8,3)	(1,2,6,4,3,5,9,8,7)	a0.1
2767	(1,4,7,8,4,2,8,6,5)	(1,2,6,4,3,7,9,8,5)	a0.1
2768	(1,4,7,8,4,7,4,8,2)	(1,2,6,4,3,7,5,9,8)	a0.1
2769	(1,4,7,8,5,1,7,7,5)	(1,2,6,4,3,8,9,7,5)	a0.1
2770	(1,4,7,8,5,6,4,7,3)	(1,2,6,4,3,8,5,9,7)	a0.1
2771	(1,4,7,8,5,8,2,5,5)	(1,2,6,4,3,8,7,9,5)	a0.1
2772	(1,4,7,8,6,5,3,8,3)	(1,2,6,4,3,9,5,8,7)	a0.1
2773	(1,4,7,8,6,7,1,6,5)	(1,2,6,4,3,9,7,8,5)	a0.1
2774	(1,4,7,8,6,7,7,3,2)	(1,2,6,4,3,9,7,5,8)	m3.1
2775	(1,4,7,8,6,8,6,2,3)	(1,2,6,4,3,9,8,5,7)	a0.1
2776	(1,4,8,2,2,8,5,8,7)	(1,2,6,5,7,9,8,4,3)	a0.1
2777	(1,4,8,2,5,6,8,5,6)	(1,2,6,5,7,3,9,8,4)	a0.1
2778	(1,4,8,2,6,5,8,4,7)	(1,2,6,5,7,4,9,8,3)	a0.1
2779	(1,4,8,2,6,8,6,8,2)	(1,2,6,5,7,4,3,9,8)	a0.1
2780	(1,4,8,3,1,7,6,8,7)	(1,2,6,5,8,9,7,4,3)	a0.1
2781	(1,4,8,3,4,6,7,6,6)	(1,2,6,5,8,3,9,7,4)	a0.1
2782	(1,4,8,3,5,5,7,5,7)	(1,2,6,5,8,4,9,7,3)	m3.1
2783	(1,4,8,3,5,8,6,7,3)	(1,2,6,5,8,4,3,9,7)	a0.1
2784	(1,4,8,3,8,2,4,8,7)	(1,2,6,5,8,7,9,4,3)	a0.1
2785	(1,4,8,3,8,5,6,4,6)	(1,2,6,5,8,7,3,9,4)	a0.1
2786	(1,4,8,3,8,6,5,3,7)	(1,2,6,5,8,7,4,9,3)	a0.1
2787	(1,4,8,4,3,5,8,6,6)	(1,2,6,5,9,3,8,7,4)	a0.1
2788	(1,4,8,4,4,4,8,5,7)	(1,2,6,5,9,4,8,7,3)	a0.1
2789	(1,4,8,4,4,8,5,8,3)	(1,2,6,5,9,4,3,8,7)	a0.1
2790	(1,4,8,4,7,1,5,8,7)	(1,2,6,5,9,7,8,4,3)	a0.1
2791	(1,4,8,4,7,5,5,5,6)	(1,2,6,5,9,7,3,8,4)	m3.1
2792	(1,4,8,4,7,6,4,4,7)	(1,2,6,5,9,7,4,8,3)	a0.1
2793	(1,4,8,4,7,6,8,5,2)	(1,2,6,5,9,7,4,3,8)	a0.1
2794	(1,4,8,4,8,4,4,6,6)	(1,2,6,5,9,8,3,7,4)	a0.1
2795	(1,4,8,4,8,5,3,5,7)	(1,2,6,5,9,8,4,7,3)	a0.1
2796	(1,4,8,4,8,5,8,4,3)	(1,2,6,5,9,8,4,3,7)	a0.1
2797	(1,4,8,4,8,8,5,1,6)	(1,2,6,5,9,8,7,3,4)	a0.1
2798	(1,4,8,7,1,5,8,8,3)	(1,2,6,5,3,4,9,8,7)	a0.1
2799	(1,4,8,7,4,2,8,5,6)	(1,2,6,5,3,7,9,8,4)	a0.1
2800	(1,4,8,7,4,6,5,8,2)	(1,2,6,5,3,7,4,9,8)	a0.1
2801	(1,4,8,7,5,1,7,6,6)	(1,2,6,5,3,8,9,7,4)	a0.1
2802	(1,4,8,7,5,5,5,7,3)	(1,2,6,5,3,8,4,9,7)	m3.1
2803	(1,4,8,7,5,8,2,4,6)	(1,2,6,5,3,8,7,9,4)	a0.1
2804	(1,4,8,7,6,4,4,8,3)	(1,2,6,5,3,9,4,8,7)	a0.1
2805	(1,4,8,7,6,7,1,5,6)	(1,2,6,5,3,9,7,8,4)	a0.1
2806	(1,4,8,7,6,7,6,4,2)	(1,2,6,5,3,9,7,4,8)	a0.1
2807	(1,4,8,7,6,8,5,3,3)	(1,2,6,5,3,9,8,4,7)	a0.1
2808	(1,4,8,8,3,2,8,4,7)	(1,2,6,5,4,7,9,8,3)	a0.1
2809	(1,4,8,8,3,5,6,8,2)	(1,2,6,5,4,7,3,9,8)	a0.1
2810	(1,4,8,8,4,1,7,5,7)	(1,2,6,5,4,8,9,7,3)	a0.1
2811	(1,4,8,8,4,4,6,7,3)	(1,2,6,5,4,8,3,9,7)	a0.1
2812	(1,4,8,8,4,8,2,3,7)	(1,2,6,5,4,8,7,9,3)	a0.1
2813	(1,4,8,8,5,3,5,8,3)	(1,2,6,5,4,9,3,8,7)	a0.1
2814	(1,4,8,8,5,7,5,5,2)	(1,2,6,5,4,9,7,3,8)	m3.1
2815	(1,4,8,8,5,8,4,4,3)	(1,2,6,5,4,9,8,3,7)	a0.1
2816	(1,4,8,8,8,4,2,8,2)	(1,2,6,5,4,3,7,9,8)	a0.1
2817	(1,4,8,8,8,5,1,7,3)	(1,2,6,5,4,3,8,9,7)	a0.1
2818	(1,5,1,5,5,6,8,7,7)	(1,2,7,8,4,9,6,5,3)	a0.1
2819	(1,5,1,5,8,6,6,8,5)	(1,2,7,8,4,3,9,6,5)	a0.1
2820	(1,5,1,6,4,6,7,8,7)	(1,2,7,8,5,9,6,4,3)	a0.1
2821	(1,5,1,6,7,6,6,7,6)	(1,2,7,8,5,3,9,6,4)	a0.1
2822	(1,5,1,6,8,5,6,6,7)	(1,2,7,8,5,4,9,6,3)	a0.1
2823	(1,5,1,6,8,8,6,6,4)	(1,2,7,8,5,4,3,9,6)	a0.1
2824	(1,5,1,7,3,5,8,8,7)	(1,2,7,8,6,9,5,4,3)	a0.1
2825	(1,5,1,7,6,6,5,8,6)	(1,2,7,8,6,3,9,5,4)	a0.1
2826	(1,5,1,7,7,5,5,7,7)	(1,2,7,8,6,4,9,5,3)	m3.1
2827	(1,5,1,7,7,8,6,5,5)	(1,2,7,8,6,4,3,9,5)	a0.1
2828	(1,5,1,7,8,4,4,8,7)	(1,2,7,8,6,5,9,4,3)	a0.1
2829	(1,5,1,7,8,7,6,4,6)	(1,2,7,8,6,5,3,9,4)	a0.1
2830	(1,5,1,7,8,8,5,3,7)	(1,2,7,8,6,5,4,9,3)	a0.1
2831	(1,5,2,3,5,7,8,8,6)	(1,2,7,9,3,8,6,5,4)	a0.1
2832	(1,5,2,4,4,7,8,7,7)	(1,2,7,9,4,8,6,5,3)	p3.1
2833	(1,5,2,4,8,5,7,8,5)	(1,2,7,9,4,3,8,6,5)	a0.1
2834	(1,5,2,5,3,7,7,8,7)	(1,2,7,9,5,8,6,4,3)	a0.1
2835	(1,5,2,5,7,5,7,7,6)	(1,2,7,9,5,3,8,6,4)	a4.1
2836	(1,5,2,5,8,4,7,6,7)	(1,2,7,9,5,4,8,6,3)	a0.1
2837	(1,5,2,5,8,8,5,7,4)	(1,2,7,9,5,4,3,8,6)	a0.1
2838	(1,5,2,6,2,6,8,8,7)	(1,2,7,9,6,8,5,4,3)	p3.1
2839	(1,5,2,6,6,5,6,8,6)	(1,2,7,9,6,3,8,5,4)	a0.1
2840	(1,5,2,6,7,4,6,7,7)	(1,2,7,9,6,4,8,5,3)	m5.2
2841	(1,5,2,6,7,8,5,6,5)	(1,2,7,9,6,4,3,8,5)	p3.1
2842	(1,5,2,6,8,3,5,8,7)	(1,2,7,9,6,5,8,4,3)	a0.1
2843	(1,5,2,6,8,7,5,5,6)	(1,2,7,9,6,5,3,8,4)	a0.1
2844	(1,5,2,6,8,8,4,4,7)	(1,2,7,9,6,5,4,8,3)	p3.1
2845	(1,5,2,6,8,8,8,5,2)	(1,2,7,9,6,5,4,3,8)	a0.1
2846	(1,5,2,8,4,3,8,8,6)	(1,2,7,9,8,3,6,5,4)	a0.1
2847	(1,5,2,8,5,2,8,7,7)	(1,2,7,9,8,4,6,5,3)	a0.1
2848	(1,5,2,8,5,8,3,8,5)	(1,2,7,9,8,4,3,6,5)	a0.1
2849	(1,5,2,8,6,1,7,8,7)	(1,2,7,9,8,5,6,4,3)	a0.1
2850	(1,5,2,8,6,7,3,7,6)	(1,2,7,9,8,5,3,6,4)	m3.1
2851	(1,5,2,8,6,8,2,6,7)	(1,2,7,9,8,5,4,6,3)	a0.1
2852	(1,5,2,8,6,8,8,3,4)	(1,2,7,9,8,5,4,3,6)	a0.1
2853	(1,5,2,8,7,6,2,8,6)	(1,2,7,9,8,6,3,5,4)	a0.1
2854	(1,5,2,8,7,7,1,7,7)	(1,2,7,9,8,6,4,5,3)	a0.1
2855	(1,5,2,8,7,7,8,2,5)	(1,2,7,9,8,6,4,3,5)	a0.1
2856	(1,5,2,8,7,8,7,1,6)	(1,2,7,9,8,6,5,3,4)	a0.1
2857	(1,5,5,1,5,8,7,8,5)	(1,2,7,3,4,9,8,6,5)	a0.1
2858	(1,5,5,2,4,8,7,7,6)	(1,2,7,3,5,9,8,6,4)	a0.1
2859	(1,5,5,2,8,5,8,7,4)	(1,2,7,3,5,4,9,8,6)	a0.1
2860	(1,5,5,3,3,8,6,8,6)	(1,2,7,3,6,9,8,5,4)	a0.1
2861	(1,5,5,3,7,5,8,6,5)	(1,2,7,3,6,4,9,8,5)	a0.1
2862	(1,5,5,3,8,4,8,5,6)	(1,2,7,3,6,5,9,8,4)	a0.1
2863	(1,5,5,3,8,8,5,8,2)	(1,2,7,3,6,5,4,9,8)	a0.1
2864	(1,5,5,5,1,6,8,8,6)	(1,2,7,3,8,9,6,5,4)	a0.1
2865	(1,5,5,5,5,5,6,8,5)	(1,2,7,3,8,4,9,6,5)	m3.1
2866	(1,5,5,5,6,4,6,7,6)	(1,2,7,3,8,5,9,6,4)	m5.1
2867	(1,5,5,5,6,8,5,6,4)	(1,2,7,3,8,5,4,9,6)	a0.1
2868	(1,5,5,5,7,3,5,8,6)	(1,2,7,3,8,6,9,5,4)	m3.1
2869	(1,5,5,5,7,7,5,5,5)	(1,2,7,3,8,6,4,9,5)	a4.1
2870	(1,5,5,5,7,8,4,4,6)	(1,2,7,3,8,6,5,9,4)	a0.1
2871	(1,5,5,6,4,4,7,8,5)	(1,2,7,3,9,4,8,6,5)	a0.1
2872	(1,5,5,6,5,3,7,7,6)	(1,2,7,3,9,5,8,6,4)	m3.1
2873	(1,5,5,6,5,8,4,7,4)	(1,2,7,3,9,5,4,8,6)	a0.1
2874	(1,5,5,6,6,2,6,8,6)	(1,2,7,3,9,6,8,5,4)	a0.1
2875	(1,5,5,6,6,7,4,6,5)	(1,2,7,3,9,6,4,8,5)	a0.1
2876	(1,5,5,6,6,8,3,5,6)	(1,2,7,3,9,6,5,8,4)	a0.1
2877	(1,5,5,6,6,8,8,4,2)	(1,2,7,3,9,6,5,4,8)	a0.1
2878	(1,5,5,6,8,5,2,8,5)	(1,2,7,3,9,8,4,6,5)	a0.1
2879	(1,5,5,6,8,6,1,7,6)	(1,2,7,3,9,8,5,6,4)	a0.1
2880	(1,5,5,6,8,6,8,2,4)	(1,2,7,3,9,8,5,4,6)	a0.1
2881	(1,5,6,1,7,6,8,7,4)	(1,2,7,4,5,3,9,8,6)	a0.1
2882	(1,5,6,2,3,8,6,7,7)	(1,2,7,4,6,9,8,5,3)	a0.1
2883	(1,5,6,2,6,6,8,6,5)	(1,2,7,4,6,3,9,8,5)	p3.1
2884	(1,5,6,2,8,4,8,4,7)	(1,2,7,4,6,5,9,8,3)	a0.1
2885	(1,5,6,2,8,7,6,8,2)	(1,2,7,4,6,5,3,9,8)	a0.1
2886	(1,5,6,4,1,6,8,7,7)	(1,2,7,4,8,9,6,5,3)	a0.1
2887	(1,5,6,4,4,6,6,8,5)	(1,2,7,4,8,3,9,6,5)	a0.1
2888	(1,5,6,4,6,4,6,6,7)	(1,2,7,4,8,5,9,6,3)	m8.19
2889	(1,5,6,4,6,7,6,6,4)	(1,2,7,4,8,5,3,9,6)	a0.1
2890	(1,5,6,4,7,3,5,7,7)	(1,2,7,4,8,6,9,5,3)	m5.1
2891	(1,5,6,4,7,6,6,5,5)	(1,2,7,4,8,6,3,9,5)	a0.1
2892	(1,5,6,4,7,8,4,3,7)	(1,2,7,4,8,6,5,9,3)	a0.1
2893	(1,5,6,5,3,5,7,8,5)	(1,2,7,4,9,3,8,6,5)	a0.1
2894	(1,5,6,5,5,3,7,6,7)	(1,2,7,4,9,5,8,6,3)	m5.1
2895	(1,5,6,5,5,7,5,7,4)	(1,2,7,4,9,5,3,8,6)	m3.1
2896	(1,5,6,5,6,2,6,7,7)	(1,2,7,4,9,6,8,5,3)	m5.2
2897	(1,5,6,5,6,6,5,6,5)	(1,2,7,4,9,6,3,8,5)	m5.2
2898	(1,5,6,5,6,8,3,4,7)	(1,2,7,4,9,6,5,8,3)	a0.1
2899	(1,5,6,5,6,8,7,5,2)	(1,2,7,4,9,6,5,3,8)	a0.1
2900	(1,5,6,5,8,4,3,8,5)	(1,2,7,4,9,8,3,6,5)	a0.1
2901	(1,5,6,5,8,6,1,6,7)	(1,2,7,4,9,8,5,6,3)	a0.1
2902	(1,5,6,5,8,6,7,3,4)	(1,2,7,4,9,8,5,3,6)	a0.1
2903	(1,5,6,5,8,7,6,2,5)	(1,2,7,4,9,8,6,3,5)	p3.1
2904	(1,5,6,8,2,4,8,7,4)	(1,2,7,4,3,5,9,8,6)	a0.1
2905	(1,5,6,8,3,3,8,6,5)	(1,2,7,4,3,6,9,8,5)	a0.1
2906	(1,5,6,8,3,8,4,8,2)	(1,2,7,4,3,6,5,9,8)	a0.1
2907	(1,5,6,8,5,1,6,8,5)	(1,2,7,4,3,8,9,6,5)	a0.1
2908	(1,5,6,8,5,6,4,6,4)	(1,2,7,4,3,8,5,9,6)	a0.1
2909	(1,5,6,8,5,7,3,5,5)	(1,2,7,4,3,8,6,9,5)	a0.1
2910	(1,5,6,8,6,5,3,7,4)	(1,2,7,4,3,9,5,8,6)	a0.1
2911	(1,5,6,8,6,6,2,6,5)	(1,2,7,4,3,9,6,8,5)	p3.1
2912	(1,5,6,8,6,6,8,3,2)	(1,2,7,4,3,9,6,5,8)	a0.1
2913	(1,5,7,1,6,6,8,5,6)	(1,2,7,5,6,3,9,8,4)	a0.1
2914	(1,5,7,1,7,5,8,4,7)	(1,2,7,5,6,4,9,8,3)	a0.1
2915	(1,5,7,1,7,8,6,8,2)	(1,2,7,5,6,4,3,9,8)	a0.1
2916	(1,5,7,3,1,6,7,8,7)	(1,2,7,5,8,9,6,4,3)	a0.1
2917	(1,5,7,3,4,6,6,7,6)	(1,2,7,5,8,3,9,6,4)	m3.1
2918	(1,5,7,3,5,5,6,6,7)	(1,2,7,5,8,4,9,6,3)	m5.1
2919	(1,5,7,3,5,8,6,6,4)	(1,2,7,5,8,4,3,9,6)	a0.1
2920	(1,5,7,3,7,3,4,8,7)	(1,2,7,5,8,6,9,4,3)	m3.1
2921	(1,5,7,3,7,6,6,4,6)	(1,2,7,5,8,6,3,9,4)	m3.1
2922	(1,5,7,3,7,7,5,3,7)	(1,2,7,5,8,6,4,9,3)	m3.1
2923	(1,5,7,4,3,5,7,7,6)	(1,2,7,5,9,3,8,6,4)	m3.1
2924	(1,5,7,4,4,4,7,6,7)	(1,2,7,5,9,4,8,6,3)	m5.2
2925	(1,5,7,4,4,8,5,7,4)	(1,2,7,5,9,4,3,8,6)	a0.1
2926	(1,5,7,4,6,2,5,8,7)	(1,2,7,5,9,6,8,4,3)	a0.1
2927	(1,5,7,4,6,6,5,5,6)	(1,2,7,5,9,6,3,8,4)	m5.1
2928	(1,5,7,4,6,7,4,4,7)	(1,2,7,5,9,6,4,8,3)	m5.2
2929	(1,5,7,4,6,7,8,5,2)	(1,2,7,5,9,6,4,3,8)	a0.1
2930	(1,5,7,4,8,4,3,7,6)	(1,2,7,5,9,8,3,6,4)	m3.1
2931	(1,5,7,4,8,5,2,6,7)	(1,2,7,5,9,8,4,6,3)	a0.1
2932	(1,5,7,4,8,5,8,3,4)	(1,2,7,5,9,8,4,3,6)	a0.1
2933	(1,5,7,4,8,7,6,1,6)	(1,2,7,5,9,8,6,3,4)	a0.1
2934	(1,5,7,7,1,5,8,7,4)	(1,2,7,5,3,4,9,8,6)	a0.1
2935	(1,5,7,7,3,3,8,5,6)	(1,2,7,5,3,6,9,8,4)	m3.1
2936	(1,5,7,7,3,7,5,8,2)	(1,2,7,5,3,6,4,9,8)	m3.1
2937	(1,5,7,7,5,1,6,7,6)	(1,2,7,5,3,8,9,6,4)	m3.1
2938	(1,5,7,7,5,5,5,6,4)	(1,2,7,5,3,8,4,9,6)	m3.1
2939	(1,5,7,7,5,7,3,4,6)	(1,2,7,5,3,8,6,9,4)	a4.1
2940	(1,5,7,7,6,4,4,7,4)	(1,2,7,5,3,9,4,8,6)	a0.1
2941	(1,5,7,7,6,6,2,5,6)	(1,2,7,5,3,9,6,8,4)	a0.1
2942	(1,5,7,7,6,6,7,4,2)	(1,2,7,5,3,9,6,4,8)	a0.1
2943	(1,5,7,7,6,8,5,2,4)	(1,2,7,5,3,9,8,4,6)	a0.1
2944	(1,5,7,8,2,3,8,4,7)	(1,2,7,5,4,6,9,8,3)	a0.1
2945	(1,5,7,8,2,6,6,8,2)	(1,2,7,5,4,6,3,9,8)	a0.1
2946	(1,5,7,8,4,1,6,6,7)	(1,2,7,5,4,8,9,6,3)	a0.1
2947	(1,5,7,8,4,4,6,6,4)	(1,2,7,5,4,8,3,9,6)	a0.1
2948	(1,5,7,8,4,7,3,3,7)	(1,2,7,5,4,8,6,9,3)	a0.1
2949	(1,5,7,8,5,3,5,7,4)	(1,2,7,5,4,9,3,8,6)	a0.1
2950	(1,5,7,8,5,6,2,4,7)	(1,2,7,5,4,9,6,8,3)	p3.1
2951	(1,5,7,8,5,6,6,5,2)	(1,2,7,5,4,9,6,3,8)	a0.1
2952	(1,5,7,8,5,8,4,3,4)	(1,2,7,5,4,9,8,3,6)	a0.1
2953	(1,5,7,8,8,3,3,8,2)	(1,2,7,5,4,3,6,9,8)	a0.1
2954	(1,5,7,8,8,5,1,6,4)	(1,2,7,5,4,3,8,9,6)	a0.1
2955	(1,5,7,8,8,6,6,2,2)	(1,2,7,5,4,3,9,6,8)	a0.1
2956	(1,5,8,2,1,5,8,8,7)	(1,2,7,6,8,9,5,4,3)	a0.1
2957	(1,5,8,2,4,6,5,8,6)	(1,2,7,6,8,3,9,5,4)	a0.1
2958	(1,5,8,2,5,5,5,7,7)	(1,2,7,6,8,4,9,5,3)	m3.1
2959	(1,5,8,2,5,8,6,5,5)	(1,2,7,6,8,4,3,9,5)	a0.1
2960	(1,5,8,2,6,4,4,8,7)	(1,2,7,6,8,5,9,4,3)	a0.1
2961	(1,5,8,2,6,7,6,4,6)	(1,2,7,6,8,5,3,9,4)	a0.1
2962	(1,5,8,2,6,8,5,3,7)	(1,2,7,6,8,5,4,9,3)	a0.1
2963	(1,5,8,3,3,5,6,8,6)	(1,2,7,6,9,3,8,5,4)	a0.1
2964	(1,5,8,3,4,4,6,7,7)	(1,2,7,6,9,4,8,5,3)	a0.1
2965	(1,5,8,3,4,8,5,6,5)	(1,2,7,6,9,4,3,8,5)	a0.1
2966	(1,5,8,3,5,3,5,8,7)	(1,2,7,6,9,5,8,4,3)	a0.1
2967	(1,5,8,3,5,7,5,5,6)	(1,2,7,6,9,5,3,8,4)	m3.1
2968	(1,5,8,3,5,8,4,4,7)	(1,2,7,6,9,5,4,8,3)	a0.1
2969	(1,5,8,3,5,8,8,5,2)	(1,2,7,6,9,5,4,3,8)	a0.1
2970	(1,5,8,3,8,4,2,8,6)	(1,2,7,6,9,8,3,5,4)	a0.1
2971	(1,5,8,3,8,5,1,7,7)	(1,2,7,6,9,8,4,5,3)	a0.1
2972	(1,5,8,3,8,5,8,2,5)	(1,2,7,6,9,8,4,3,5)	a0.1
2973	(1,5,8,3,8,6,7,1,6)	(1,2,7,6,9,8,5,3,4)	a0.1
2974	(1,5,8,6,1,5,8,6,5)	(1,2,7,6,3,4,9,8,5)	a0.1
2975	(1,5,8,6,2,4,8,5,6)	(1,2,7,6,3,5,9,8,4)	a0.1
2976	(1,5,8,6,2,8,5,8,2)	(1,2,7,6,3,5,4,9,8)	a0.1
2977	(1,5,8,6,5,5,5,5,5)	(1,2,7,6,3,8,4,9,5)	m3.1
2978	(1,5,8,6,5,6,4,4,6)	(1,2,7,6,3,8,5,9,4)	a0.1
2979	(1,5,8,6,6,4,4,6,5)	(1,2,7,6,3,9,4,8,5)	a0.1
2980	(1,5,8,6,6,5,3,5,6)	(1,2,7,6,3,9,5,8,4)	a0.1
2981	(1,5,8,6,6,5,8,4,2)	(1,2,7,6,3,9,5,4,8)	a0.1
2982	(1,5,8,7,1,7,6,8,2)	(1,2,7,6,4,5,3,9,8)	a0.1
2983	(1,5,8,7,4,4,6,5,5)	(1,2,7,6,4,8,3,9,5)	a0.1
2984	(1,5,8,7,4,6,4,3,7)	(1,2,7,6,4,8,5,9,3)	a0.1
2985	(1,5,8,7,5,3,5,6,5)	(1,2,7,6,4,9,3,8,5)	a0.1
2986	(1,5,8,7,5,5,3,4,7)	(1,2,7,6,4,9,5,8,3)	a0.1
2987	(1,5,8,7,5,5,7,5,2)	(1,2,7,6,4,9,5,3,8)	m3.1
2988	(1,5,8,7,5,8,4,2,5)	(1,2,7,6,4,9,8,3,5)	a0.1
2989	(1,5,8,7,8,2,4,8,2)	(1,2,7,6,4,3,5,9,8)	a0.1
2990	(1,5,8,7,8,6,5,3,2)	(1,2,7,6,4,3,9,5,8)	a0.1
2991	(1,5,8,8,3,4,6,4,6)	(1,2,7,6,5,8,3,9,4)	a0.1
2992	(1,5,8,8,3,5,5,3,7)	(1,2,7,6,5,8,4,9,3)	a0.1
2993	(1,5,8,8,4,3,5,5,6)	(1,2,7,6,5,9,3,8,4)	a0.1
2994	(1,5,8,8,4,4,4,4,7)	(1,2,7,6,5,9,4,8,3)	p3.1
2995	(1,5,8,8,4,4,8,5,2)	(1,2,7,6,5,9,4,3,8)	a0.1
2996	(1,5,8,8,4,8,4,1,6)	(1,2,7,6,5,9,8,3,4)	a0.1
2997	(1,5,8,8,7,6,4,4,2)	(1,2,7,6,5,3,9,4,8)	a0.1
2998	(1,5,8,8,8,5,3,5,2)	(1,2,7,6,5,4,9,3,8)	a0.1
2999	(1,6,1,6,1,7,8,8,7)	(1,2,8,9,6,7,5,4,3)	a0.1
3000	(1,6,1,6,6,4,7,8,6)	(1,2,8,9,6,3,7,5,4)	a0.1
3001	(1,6,1,6,7,3,7,7,7)	(1,2,8,9,6,4,7,5,3)	m3.1
3002	(1,6,1,6,7,8,4,7,5)	(1,2,8,9,6,4,3,7,5)	a0.1
3003	(1,6,1,6,8,2,6,8,7)	(1,2,8,9,6,5,7,4,3)	a0.1
3004	(1,6,1,6,8,7,4,6,6)	(1,2,8,9,6,5,3,7,4)	a0.1
3005	(1,6,1,6,8,8,3,5,7)	(1,2,8,9,6,5,4,7,3)	a0.1
3006	(1,6,1,6,8,8,8,4,3)	(1,2,8,9,6,5,4,3,7)	a0.1
3007	(1,6,1,7,5,3,8,8,6)	(1,2,8,9,7,3,6,5,4)	a0.1
3008	(1,6,1,7,6,2,8,7,7)	(1,2,8,9,7,4,6,5,3)	a0.1
3009	(1,6,1,7,6,8,3,8,5)	(1,2,8,9,7,4,3,6,5)	a0.1
3010	(1,6,1,7,7,1,7,8,7)	(1,2,8,9,7,5,6,4,3)	a0.1
3011	(1,6,1,7,7,7,3,7,6)	(1,2,8,9,7,5,3,6,4)	m3.1
3012	(1,6,1,7,7,8,2,6,7)	(1,2,8,9,7,5,4,6,3)	a0.1
3013	(1,6,1,7,7,8,8,3,4)	(1,2,8,9,7,5,4,3,6)	a0.1
3014	(1,6,1,7,8,6,2,8,6)	(1,2,8,9,7,6,3,5,4)	a0.1
3015	(1,6,1,7,8,7,1,7,7)	(1,2,8,9,7,6,4,5,3)	a0.1
3016	(1,6,1,7,8,7,8,2,5)	(1,2,8,9,7,6,4,3,5)	a0.1
3017	(1,6,4,2,4,7,8,7,6)	(1,2,8,3,5,9,7,6,4)	p3.1
3018	(1,6,4,2,8,5,7,8,4)	(1,2,8,3,5,4,9,7,6)	a0.1
3019	(1,6,4,3,3,7,7,8,6)	(1,2,8,3,6,9,7,5,4)	a0.1
3020	(1,6,4,3,7,5,7,7,5)	(1,2,8,3,6,4,9,7,5)	a4.1
3021	(1,6,4,3,8,4,7,6,6)	(1,2,8,3,6,5,9,7,4)	a0.1
3022	(1,6,4,3,8,8,5,7,3)	(1,2,8,3,6,5,4,9,7)	a0.1
3023	(1,6,4,4,2,6,8,8,6)	(1,2,8,3,7,9,6,5,4)	p3.1
3024	(1,6,4,4,6,5,6,8,5)	(1,2,8,3,7,4,9,6,5)	a0.1
3025	(1,6,4,4,7,4,6,7,6)	(1,2,8,3,7,5,9,6,4)	m5.2
3026	(1,6,4,4,7,8,5,6,4)	(1,2,8,3,7,5,4,9,6)	p3.1
3027	(1,6,4,4,8,3,5,8,6)	(1,2,8,3,7,6,9,5,4)	a0.1
3028	(1,6,4,4,8,7,5,5,5)	(1,2,8,3,7,6,4,9,5)	a0.1
3029	(1,6,4,4,8,8,4,4,6)	(1,2,8,3,7,6,5,9,4)	p3.1
3030	(1,6,4,6,4,3,8,8,5)	(1,2,8,3,9,4,7,6,5)	a0.1
3031	(1,6,4,6,5,2,8,7,6)	(1,2,8,3,9,5,7,6,4)	a0.1
3032	(1,6,4,6,5,8,3,8,4)	(1,2,8,3,9,5,4,7,6)	a0.1
3033	(1,6,4,6,6,1,7,8,6)	(1,2,8,3,9,6,7,5,4)	a0.1
3034	(1,6,4,6,6,7,3,7,5)	(1,2,8,3,9,6,4,7,5)	m3.1
3035	(1,6,4,6,6,8,2,6,6)	(1,2,8,3,9,6,5,7,4)	a0.1
3036	(1,6,4,6,6,8,8,3,3)	(1,2,8,3,9,6,5,4,7)	a0.1
3037	(1,6,4,6,7,6,2,8,5)	(1,2,8,3,9,7,4,6,5)	a0.1
3038	(1,6,4,6,7,7,1,7,6)	(1,2,8,3,9,7,5,6,4)	a0.1
3039	(1,6,4,6,7,7,8,2,4)	(1,2,8,3,9,7,5,4,6)	a0.1
3040	(1,6,5,1,7,6,7,8,4)	(1,2,8,4,5,3,9,7,6)	a0.1
3041	(1,6,5,2,3,7,7,7,7)	(1,2,8,4,6,9,7,5,3)	a4.1
3042	(1,6,5,2,6,6,7,7,5)	(1,2,8,4,6,3,9,7,5)	a0.1
3043	(1,6,5,2,8,4,7,5,7)	(1,2,8,4,6,5,9,7,3)	m3.1
3044	(1,6,5,2,8,7,6,7,3)	(1,2,8,4,6,5,3,9,7)	a0.1
3045	(1,6,5,3,2,6,8,7,7)	(1,2,8,4,7,9,6,5,3)	a0.1
3046	(1,6,5,3,5,6,6,8,5)	(1,2,8,4,7,3,9,6,5)	a0.1
3047	(1,6,5,3,7,4,6,6,7)	(1,2,8,4,7,5,9,6,3)	m5.1
3048	(1,6,5,3,7,7,6,6,4)	(1,2,8,4,7,5,3,9,6)	a0.1
3049	(1,6,5,3,8,3,5,7,7)	(1,2,8,4,7,6,9,5,3)	m3.1
3050	(1,6,5,3,8,6,6,5,5)	(1,2,8,4,7,6,3,9,5)	a0.1
3051	(1,6,5,3,8,8,4,3,7)	(1,2,8,4,7,6,5,9,3)	a0.1
3052	(1,6,5,5,3,4,8,8,5)	(1,2,8,4,9,3,7,6,5)	a0.1
3053	(1,6,5,5,5,2,8,6,7)	(1,2,8,4,9,5,7,6,3)	m3.1
3054	(1,6,5,5,5,7,4,8,4)	(1,2,8,4,9,5,3,7,6)	m3.1
3055	(1,6,5,5,6,1,7,7,7)	(1,2,8,4,9,6,7,5,3)	m3.1
3056	(1,6,5,5,6,6,4,7,5)	(1,2,8,4,9,6,3,7,5)	m5.1
3057	(1,6,5,5,6,8,2,5,7)	(1,2,8,4,9,6,5,7,3)	m3.1
3058	(1,6,5,5,6,8,7,4,3)	(1,2,8,4,9,6,5,3,7)	a0.1
3059	(1,6,5,5,7,5,3,8,5)	(1,2,8,4,9,7,3,6,5)	m3.1
3060	(1,6,5,5,7,7,1,6,7)	(1,2,8,4,9,7,5,6,3)	m3.1
3061	(1,6,5,5,7,7,7,3,4)	(1,2,8,4,9,7,5,3,6)	a4.1
3062	(1,6,5,5,7,8,6,2,5)	(1,2,8,4,9,7,6,3,5)	a0.1
3063	(1,6,5,8,2,4,7,8,4)	(1,2,8,4,3,5,9,7,6)	a0.1
3064	(1,6,5,8,3,3,7,7,5)	(1,2,8,4,3,6,9,7,5)	m3.1
3065	(1,6,5,8,3,8,4,7,3)	(1,2,8,4,3,6,5,9,7)	a0.1
3066	(1,6,5,8,4,2,6,8,5)	(1,2,8,4,3,7,9,6,5)	a0.1
3067	(1,6,5,8,4,7,4,6,4)	(1,2,8,4,3,7,5,9,6)	a0.1
3068	(1,6,5,8,4,8,3,5,5)	(1,2,8,4,3,7,6,9,5)	a0.1
3069	(1,6,5,8,6,5,2,8,4)	(1,2,8,4,3,9,5,7,6)	a0.1
3070	(1,6,5,8,6,6,1,7,5)	(1,2,8,4,3,9,6,7,5)	a0.1
3071	(1,6,5,8,6,6,8,2,3)	(1,2,8,4,3,9,6,5,7)	a0.1
3072	(1,6,6,1,6,6,7,6,6)	(1,2,8,5,6,3,9,7,4)	a0.1
3073	(1,6,6,1,7,5,7,5,7)	(1,2,8,5,6,4,9,7,3)	m3.1
3074	(1,6,6,1,7,8,6,7,3)	(1,2,8,5,6,4,3,9,7)	a0.1
3075	(1,6,6,2,2,6,7,8,7)	(1,2,8,5,7,9,6,4,3)	p3.1
3076	(1,6,6,2,5,6,6,7,6)	(1,2,8,5,7,3,9,6,4)	a0.1
3077	(1,6,6,2,6,5,6,6,7)	(1,2,8,5,7,4,9,6,3)	m5.2
3078	(1,6,6,2,6,8,6,6,4)	(1,2,8,5,7,4,3,9,6)	p3.1
3079	(1,6,6,2,8,3,4,8,7)	(1,2,8,5,7,6,9,4,3)	a0.1
3080	(1,6,6,2,8,6,6,4,6)	(1,2,8,5,7,6,3,9,4)	a0.1
3081	(1,6,6,2,8,7,5,3,7)	(1,2,8,5,7,6,4,9,3)	a0.1
3082	(1,6,6,4,3,4,8,7,6)	(1,2,8,5,9,3,7,6,4)	a0.1
3083	(1,6,6,4,4,3,8,6,7)	(1,2,8,5,9,4,7,6,3)	a0.1
3084	(1,6,6,4,4,8,4,8,4)	(1,2,8,5,9,4,3,7,6)	a0.1
3085	(1,6,6,4,6,1,6,8,7)	(1,2,8,5,9,6,7,4,3)	a0.1
3086	(1,6,6,4,6,6,4,6,6)	(1,2,8,5,9,6,3,7,4)	m8.19
3087	(1,6,6,4,6,7,3,5,7)	(1,2,8,5,9,6,4,7,3)	m5.1
3088	(1,6,6,4,6,7,8,4,3)	(1,2,8,5,9,6,4,3,7)	a0.1
3089	(1,6,6,4,7,5,3,7,6)	(1,2,8,5,9,7,3,6,4)	m5.1
3090	(1,6,6,4,7,6,2,6,7)	(1,2,8,5,9,7,4,6,3)	m5.2
3091	(1,6,6,4,7,6,8,3,4)	(1,2,8,5,9,7,4,3,6)	a0.1
3092	(1,6,6,7,3,3,7,6,6)	(1,2,8,5,3,6,9,7,4)	m5.1
3093	(1,6,6,7,3,7,5,7,3)	(1,2,8,5,3,6,4,9,7)	m3.1
3094	(1,6,6,7,4,2,6,7,6)	(1,2,8,5,3,7,9,6,4)	m5.2
3095	(1,6,6,7,4,6,5,6,4)	(1,2,8,5,3,7,4,9,6)	m5.2
3096	(1,6,6,7,4,8,3,4,6)	(1,2,8,5,3,7,6,9,4)	a0.1
3097	(1,6,6,7,6,4,3,8,4)	(1,2,8,5,3,9,4,7,6)	a0.1
3098	(1,6,6,7,6,6,7,3,3)	(1,2,8,5,3,9,6,4,7)	a0.1
3099	(1,6,6,7,6,7,6,2,4)	(1,2,8,5,3,9,7,4,6)	p3.1
3100	(1,6,6,8,2,3,7,5,7)	(1,2,8,5,4,6,9,7,3)	m3.1
3101	(1,6,6,8,2,6,6,7,3)	(1,2,8,5,4,6,3,9,7)	a0.1
3102	(1,6,6,8,3,2,6,6,7)	(1,2,8,5,4,7,9,6,3)	a0.1
3103	(1,6,6,8,3,5,6,6,4)	(1,2,8,5,4,7,3,9,6)	a0.1
3104	(1,6,6,8,3,8,3,3,7)	(1,2,8,5,4,7,6,9,3)	a0.1
3105	(1,6,6,8,5,3,4,8,4)	(1,2,8,5,4,9,3,7,6)	a0.1
3106	(1,6,6,8,5,6,6,4,3)	(1,2,8,5,4,9,6,3,7)	a0.1
3107	(1,6,6,8,5,7,5,3,4)	(1,2,8,5,4,9,7,3,6)	a0.1
3108	(1,6,6,8,8,3,3,7,3)	(1,2,8,5,4,3,6,9,7)	a0.1
3109	(1,6,6,8,8,4,2,6,4)	(1,2,8,5,4,3,7,9,6)	p3.1
3110	(1,6,7,1,6,8,6,5,5)	(1,2,8,6,7,4,3,9,5)	a0.1
3111	(1,6,7,1,7,4,4,8,7)	(1,2,8,6,7,5,9,4,3)	a0.1
3112	(1,6,7,1,7,7,6,4,6)	(1,2,8,6,7,5,3,9,4)	a0.1
3113	(1,6,7,1,7,8,5,3,7)	(1,2,8,6,7,5,4,9,3)	a0.1
3114	(1,6,7,3,3,4,7,8,6)	(1,2,8,6,9,3,7,5,4)	a0.1
3115	(1,6,7,3,4,3,7,7,7)	(1,2,8,6,9,4,7,5,3)	a4.1
3116	(1,6,7,3,4,8,4,7,5)	(1,2,8,6,9,4,3,7,5)	m3.1
3117	(1,6,7,3,5,2,6,8,7)	(1,2,8,6,9,5,7,4,3)	a0.1
3118	(1,6,7,3,5,7,4,6,6)	(1,2,8,6,9,5,3,7,4)	m5.1
3119	(1,6,7,3,5,8,3,5,7)	(1,2,8,6,9,5,4,7,3)	m3.1
3120	(1,6,7,3,5,8,8,4,3)	(1,2,8,6,9,5,4,3,7)	a0.1
3121	(1,6,7,3,7,5,2,8,6)	(1,2,8,6,9,7,3,5,4)	m3.1
3122	(1,6,7,3,7,6,1,7,7)	(1,2,8,6,9,7,4,5,3)	m3.1
3123	(1,6,7,3,7,6,8,2,5)	(1,2,8,6,9,7,4,3,5)	m3.1
3124	(1,6,7,6,2,4,7,6,6)	(1,2,8,6,3,5,9,7,4)	m5.2
3125	(1,6,7,6,2,8,5,7,3)	(1,2,8,6,3,5,4,9,7)	a0.1
3126	(1,6,7,6,4,2,5,8,6)	(1,2,8,6,3,7,9,5,4)	a0.1
3127	(1,6,7,6,4,6,5,5,5)	(1,2,8,6,3,7,4,9,5)	m5.1
3128	(1,6,7,6,4,7,4,4,6)	(1,2,8,6,3,7,5,9,4)	m5.2
3129	(1,6,7,6,6,4,3,7,5)	(1,2,8,6,3,9,4,7,5)	m3.1
3130	(1,6,7,6,6,5,2,6,6)	(1,2,8,6,3,9,5,7,4)	a0.1
3131	(1,6,7,6,6,5,8,3,3)	(1,2,8,6,3,9,5,4,7)	a0.1
3132	(1,6,7,7,1,7,6,7,3)	(1,2,8,6,4,5,3,9,7)	a0.1
3133	(1,6,7,7,3,2,5,7,7)	(1,2,8,6,4,7,9,5,3)	a4.1
3134	(1,6,7,7,3,5,6,5,5)	(1,2,8,6,4,7,3,9,5)	m3.1
3135	(1,6,7,7,3,7,4,3,7)	(1,2,8,6,4,7,5,9,3)	m3.1
3136	(1,6,7,7,5,3,4,7,5)	(1,2,8,6,4,9,3,7,5)	m3.1
3137	(1,6,7,7,5,5,2,5,7)	(1,2,8,6,4,9,5,7,3)	a4.1
3138	(1,6,7,7,5,5,7,4,3)	(1,2,8,6,4,9,5,3,7)	m3.1
3139	(1,6,7,7,5,7,5,2,5)	(1,2,8,6,4,9,7,3,5)	a4.1
3140	(1,6,7,7,8,2,4,7,3)	(1,2,8,6,4,3,5,9,7)	a0.1
3141	(1,6,7,7,8,4,2,5,5)	(1,2,8,6,4,3,7,9,5)	a0.1
3142	(1,6,7,7,8,6,5,2,3)	(1,2,8,6,4,3,9,5,7)	a0.1
3143	(1,6,7,8,2,2,4,8,7)	(1,2,8,6,5,7,9,4,3)	a0.1
3144	(1,6,7,8,2,5,6,4,6)	(1,2,8,6,5,7,3,9,4)	a0.1
3145	(1,6,7,8,2,6,5,3,7)	(1,2,8,6,5,7,4,9,3)	a0.1
3146	(1,6,7,8,4,3,4,6,6)	(1,2,8,6,5,9,3,7,4)	a0.1
3147	(1,6,7,8,4,4,3,5,7)	(1,2,8,6,5,9,4,7,3)	a0.1
3148	(1,6,7,8,4,4,8,4,3)	(1,2,8,6,5,9,4,3,7)	a0.1
3149	(1,6,7,8,7,4,2,4,6)	(1,2,8,6,5,3,7,9,4)	p3.1
3150	(1,6,7,8,7,6,4,3,3)	(1,2,8,6,5,3,9,4,7)	a0.1
3151	(1,6,7,8,8,3,2,3,7)	(1,2,8,6,5,4,7,9,3)	a0.1
3152	(1,6,7,8,8,5,3,4,3)	(1,2,8,6,5,4,9,3,7)	a0.1
3153	(1,6,8,2,3,3,8,8,6)	(1,2,8,7,9,3,6,5,4)	a0.1
3154	(1,6,8,2,4,2,8,7,7)	(1,2,8,7,9,4,6,5,3)	a0.1
3155	(1,6,8,2,4,8,3,8,5)	(1,2,8,7,9,4,3,6,5)	a0.1
3156	(1,6,8,2,5,1,7,8,7)	(1,2,8,7,9,5,6,4,3)	a0.1
3157	(1,6,8,2,5,7,3,7,6)	(1,2,8,7,9,5,3,6,4)	m3.1
3158	(1,6,8,2,5,8,2,6,7)	(1,2,8,7,9,5,4,6,3)	a0.1
3159	(1,6,8,2,5,8,8,3,4)	(1,2,8,7,9,5,4,3,6)	a0.1
3160	(1,6,8,2,6,6,2,8,6)	(1,2,8,7,9,6,3,5,4)	a0.1
3161	(1,6,8,2,6,7,1,7,7)	(1,2,8,7,9,6,4,5,3)	a0.1
3162	(1,6,8,2,6,7,8,2,5)	(1,2,8,7,9,6,4,3,5)	a0.1
3163	(1,6,8,5,2,4,6,7,6)	(1,2,8,7,3,5,9,6,4)	a0.1
3164	(1,6,8,5,2,8,5,6,4)	(1,2,8,7,3,5,4,9,6)	a0.1
3165	(1,6,8,5,3,3,5,8,6)	(1,2,8,7,3,6,9,5,4)	a0.1
3166	(1,6,8,5,3,7,5,5,5)	(1,2,8,7,3,6,4,9,5)	m3.1
3167	(1,6,8,5,3,8,4,4,6)	(1,2,8,7,3,6,5,9,4)	a0.1
3168	(1,6,8,5,6,4,2,8,5)	(1,2,8,7,3,9,4,6,5)	a0.1
3169	(1,6,8,5,6,5,1,7,6)	(1,2,8,7,3,9,5,6,4)	a0.1
3170	(1,6,8,5,6,5,8,2,4)	(1,2,8,7,3,9,5,4,6)	a0.1
3171	(1,6,8,6,1,7,6,6,4)	(1,2,8,7,4,5,3,9,6)	a0.1
3172	(1,6,8,6,2,3,5,7,7)	(1,2,8,7,4,6,9,5,3)	a0.1
3173	(1,6,8,6,2,6,6,5,5)	(1,2,8,7,4,6,3,9,5)	a0.1
3174	(1,6,8,6,2,8,4,3,7)	(1,2,8,7,4,6,5,9,3)	a0.1
3175	(1,6,8,6,5,3,3,8,5)	(1,2,8,7,4,9,3,6,5)	a0.1
3176	(1,6,8,6,5,5,7,3,4)	(1,2,8,7,4,9,5,3,6)	m3.1
3177	(1,6,8,6,5,6,6,2,5)	(1,2,8,7,4,9,6,3,5)	a0.1
3178	(1,6,8,6,8,2,4,6,4)	(1,2,8,7,4,3,5,9,6)	a0.1
3179	(1,6,8,6,8,3,3,5,5)	(1,2,8,7,4,3,6,9,5)	a0.1
3180	(1,6,8,7,1,7,5,3,7)	(1,2,8,7,5,6,4,9,3)	a0.1
3181	(1,6,8,7,4,3,3,7,6)	(1,2,8,7,5,9,3,6,4)	a0.1
3182	(1,6,8,7,4,4,2,6,7)	(1,2,8,7,5,9,4,6,3)	p3.1
3183	(1,6,8,7,4,4,8,3,4)	(1,2,8,7,5,9,4,3,6)	a0.1
3184	(1,6,8,7,7,3,3,4,6)	(1,2,8,7,5,3,6,9,4)	a0.1
3185	(1,6,8,7,7,6,4,2,4)	(1,2,8,7,5,3,9,4,6)	a0.1
3186	(1,6,8,7,8,2,3,3,7)	(1,2,8,7,5,4,6,9,3)	a0.1
3187	(1,6,8,7,8,5,3,3,4)	(1,2,8,7,5,4,9,3,6)	a0.1
3188	(1,6,8,8,3,3,2,8,6)	(1,2,8,7,6,9,3,5,4)	a0.1
3189	(1,6,8,8,3,4,1,7,7)	(1,2,8,7,6,9,4,5,3)	a0.1
3190	(1,6,8,8,3,4,8,2,5)	(1,2,8,7,6,9,4,3,5)	a0.1
3191	(1,6,8,8,6,2,4,4,6)	(1,2,8,7,6,3,5,9,4)	p3.1
3192	(1,6,8,8,7,5,3,2,5)	(1,2,8,7,6,4,9,3,5)	a0.1
3193	(1,7,3,2,3,8,8,7,6)	(1,2,9,3,5,8,7,6,4)	a0.1
3194	(1,7,3,2,8,4,8,8,4)	(1,2,9,3,5,4,8,7,6)	a0.1
3195	(1,7,3,3,2,8,7,8,6)	(1,2,9,3,6,8,7,5,4)	a0.1
3196	(1,7,3,3,7,4,8,7,5)	(1,2,9,3,6,4,8,7,5)	a0.1
3197	(1,7,3,3,8,3,8,6,6)	(1,2,9,3,6,5,8,7,4)	a0.1
3198	(1,7,3,3,8,8,4,8,3)	(1,2,9,3,6,5,4,8,7)	a0.1
3199	(1,7,3,4,1,7,8,8,6)	(1,2,9,3,7,8,6,5,4)	a0.1
3200	(1,7,3,4,6,4,7,8,5)	(1,2,9,3,7,4,8,6,5)	a0.1
3201	(1,7,3,4,7,3,7,7,6)	(1,2,9,3,7,5,8,6,4)	m3.1
3202	(1,7,3,4,7,8,4,7,4)	(1,2,9,3,7,5,4,8,6)	a0.1
3203	(1,7,3,4,8,2,6,8,6)	(1,2,9,3,7,6,8,5,4)	a0.1
3204	(1,7,3,4,8,7,4,6,5)	(1,2,9,3,7,6,4,8,5)	a0.1
3205	(1,7,3,4,8,8,3,5,6)	(1,2,9,3,7,6,5,8,4)	a0.1
3206	(1,7,3,4,8,8,8,4,2)	(1,2,9,3,7,6,5,4,8)	a0.1
3207	(1,7,3,5,5,3,8,8,5)	(1,2,9,3,8,4,7,6,5)	a0.1
3208	(1,7,3,5,6,2,8,7,6)	(1,2,9,3,8,5,7,6,4)	a0.1
3209	(1,7,3,5,6,8,3,8,4)	(1,2,9,3,8,5,4,7,6)	a0.1
3210	(1,7,3,5,7,1,7,8,6)	(1,2,9,3,8,6,7,5,4)	a0.1
3211	(1,7,3,5,7,7,3,7,5)	(1,2,9,3,8,6,4,7,5)	m3.1
3212	(1,7,3,5,7,8,2,6,6)	(1,2,9,3,8,6,5,7,4)	a0.1
3213	(1,7,3,5,7,8,8,3,3)	(1,2,9,3,8,6,5,4,7)	a0.1
3214	(1,7,3,5,8,6,2,8,5)	(1,2,9,3,8,7,4,6,5)	a0.1
3215	(1,7,3,5,8,7,1,7,6)	(1,2,9,3,8,7,5,6,4)	a0.1
3216	(1,7,3,5,8,7,8,2,4)	(1,2,9,3,8,7,5,4,6)	a0.1
3217	(1,7,4,1,7,5,8,8,4)	(1,2,9,4,5,3,8,7,6)	a0.1
3218	(1,7,4,2,2,8,7,7,7)	(1,2,9,4,6,8,7,5,3)	a0.1
3219	(1,7,4,2,6,5,8,7,5)	(1,2,9,4,6,3,8,7,5)	p3.1
3220	(1,7,4,2,8,3,8,5,7)	(1,2,9,4,6,5,8,7,3)	a0.1
3221	(1,7,4,2,8,7,5,8,3)	(1,2,9,4,6,5,3,8,7)	a0.1
3222	(1,7,4,3,1,7,8,7,7)	(1,2,9,4,7,8,6,5,3)	a0.1
3223	(1,7,4,3,5,5,7,8,5)	(1,2,9,4,7,3,8,6,5)	a0.1
3224	(1,7,4,3,7,3,7,6,7)	(1,2,9,4,7,5,8,6,3)	m3.1
3225	(1,7,4,3,7,7,5,7,4)	(1,2,9,4,7,5,3,8,6)	a4.1
3226	(1,7,4,3,8,2,6,7,7)	(1,2,9,4,7,6,8,5,3)	a0.1
3227	(1,7,4,3,8,6,5,6,5)	(1,2,9,4,7,6,3,8,5)	a0.1
3228	(1,7,4,3,8,8,3,4,7)	(1,2,9,4,7,6,5,8,3)	a0.1
3229	(1,7,4,3,8,8,7,5,2)	(1,2,9,4,7,6,5,3,8)	a0.1
3230	(1,7,4,4,4,4,8,8,5)	(1,2,9,4,8,3,7,6,5)	p3.1
3231	(1,7,4,4,6,2,8,6,7)	(1,2,9,4,8,5,7,6,3)	a0.1
3232	(1,7,4,4,6,7,4,8,4)	(1,2,9,4,8,5,3,7,6)	a0.1
3233	(1,7,4,4,7,1,7,7,7)	(1,2,9,4,8,6,7,5,3)	a0.1
3234	(1,7,4,4,7,6,4,7,5)	(1,2,9,4,8,6,3,7,5)	m5.2
3235	(1,7,4,4,7,8,2,5,7)	(1,2,9,4,8,6,5,7,3)	a0.1
3236	(1,7,4,4,7,8,7,4,3)	(1,2,9,4,8,6,5,3,7)	p3.1
3237	(1,7,4,4,8,5,3,8,5)	(1,2,9,4,8,7,3,6,5)	a0.1
3238	(1,7,4,4,8,7,7,3,4)	(1,2,9,4,8,7,5,3,6)	a0.1
3239	(1,7,4,4,8,8,6,2,5)	(1,2,9,4,8,7,6,3,5)	p3.1
3240	(1,7,4,8,2,3,8,8,4)	(1,2,9,4,3,5,8,7,6)	a0.1
3241	(1,7,4,8,3,2,8,7,5)	(1,2,9,4,3,6,8,7,5)	a0.1
3242	(1,7,4,8,3,8,3,8,3)	(1,2,9,4,3,6,5,8,7)	a0.1
3243	(1,7,4,8,4,1,7,8,5)	(1,2,9,4,3,7,8,6,5)	a0.1
3244	(1,7,4,8,4,7,3,7,4)	(1,2,9,4,3,7,5,8,6)	m3.1
3245	(1,7,4,8,4,8,2,6,5)	(1,2,9,4,3,7,6,8,5)	a0.1
3246	(1,7,4,8,4,8,8,3,2)	(1,2,9,4,3,7,6,5,8)	a0.1
3247	(1,7,4,8,5,6,2,8,4)	(1,2,9,4,3,8,5,7,6)	a0.1
3248	(1,7,4,8,5,7,1,7,5)	(1,2,9,4,3,8,6,7,5)	a0.1
3249	(1,7,4,8,5,7,8,2,3)	(1,2,9,4,3,8,6,5,7)	a0.1
3250	(1,7,5,1,7,8,5,8,3)	(1,2,9,5,6,4,3,8,7)	a0.1
3251	(1,7,5,2,1,7,7,8,7)	(1,2,9,5,7,8,6,4,3)	a0.1
3252	(1,7,5,2,5,5,7,7,6)	(1,2,9,5,7,3,8,6,4)	a4.1
3253	(1,7,5,2,6,4,7,6,7)	(1,2,9,5,7,4,8,6,3)	a0.1
3254	(1,7,5,2,6,8,5,7,4)	(1,2,9,5,7,4,3,8,6)	a0.1
3255	(1,7,5,2,8,2,5,8,7)	(1,2,9,5,7,6,8,4,3)	a0.1
3256	(1,7,5,2,8,6,5,5,6)	(1,2,9,5,7,6,3,8,4)	m3.1
3257	(1,7,5,2,8,7,4,4,7)	(1,2,9,5,7,6,4,8,3)	a0.1
3258	(1,7,5,2,8,7,8,5,2)	(1,2,9,5,7,6,4,3,8)	a0.1
3259	(1,7,5,3,4,4,8,7,6)	(1,2,9,5,8,3,7,6,4)	a0.1
3260	(1,7,5,3,5,3,8,6,7)	(1,2,9,5,8,4,7,6,3)	a0.1
3261	(1,7,5,3,5,8,4,8,4)	(1,2,9,5,8,4,3,7,6)	a0.1
3262	(1,7,5,3,7,6,4,6,6)	(1,2,9,5,8,6,3,7,4)	m5.1
3263	(1,7,5,3,7,7,3,5,7)	(1,2,9,5,8,6,4,7,3)	m3.1
3264	(1,7,5,3,7,7,8,4,3)	(1,2,9,5,8,6,4,3,7)	a0.1
3265	(1,7,5,3,8,5,3,7,6)	(1,2,9,5,8,7,3,6,4)	m3.1
3266	(1,7,5,3,8,6,2,6,7)	(1,2,9,5,8,7,4,6,3)	a0.1
3267	(1,7,5,3,8,6,8,3,4)	(1,2,9,5,8,7,4,3,6)	a0.1
3268	(1,7,5,7,3,2,8,6,6)	(1,2,9,5,3,6,8,7,4)	m3.1
3269	(1,7,5,7,3,7,4,8,3)	(1,2,9,5,3,6,4,8,7)	m3.1
3270	(1,7,5,7,4,1,7,7,6)	(1,2,9,5,3,7,8,6,4)	m3.1
3271	(1,7,5,7,4,6,4,7,4)	(1,2,9,5,3,7,4,8,6)	m5.1
3272	(1,7,5,7,4,8,2,5,6)	(1,2,9,5,3,7,6,8,4)	m3.1
3273	(1,7,5,7,4,8,7,4,2)	(1,2,9,5,3,7,6,4,8)	a0.1
3274	(1,7,5,7,5,5,3,8,4)	(1,2,9,5,3,8,4,7,6)	m3.1
3275	(1,7,5,7,5,7,7,3,3)	(1,2,9,5,3,8,6,4,7)	a4.1
3276	(1,7,5,7,5,8,6,2,4)	(1,2,9,5,3,8,7,4,6)	a0.1
3277	(1,7,5,8,2,2,8,5,7)	(1,2,9,5,4,6,8,7,3)	a0.1
3278	(1,7,5,8,2,6,5,8,3)	(1,2,9,5,4,6,3,8,7)	a0.1
3279	(1,7,5,8,3,1,7,6,7)	(1,2,9,5,4,7,8,6,3)	a0.1
3280	(1,7,5,8,3,5,5,7,4)	(1,2,9,5,4,7,3,8,6)	m3.1
3281	(1,7,5,8,3,8,2,4,7)	(1,2,9,5,4,7,6,8,3)	a0.1
3282	(1,7,5,8,3,8,6,5,2)	(1,2,9,5,4,7,6,3,8)	a0.1
3283	(1,7,5,8,4,4,4,8,4)	(1,2,9,5,4,8,3,7,6)	a0.1
3284	(1,7,5,8,4,7,6,4,3)	(1,2,9,5,4,8,6,3,7)	a0.1
3285	(1,7,5,8,4,8,5,3,4)	(1,2,9,5,4,8,7,3,6)	a0.1
3286	(1,7,5,8,8,3,2,8,3)	(1,2,9,5,4,3,6,8,7)	a0.1
3287	(1,7,5,8,8,4,8,2,2)	(1,2,9,5,4,3,7,6,8)	a0.1
3288	(1,7,6,1,7,7,5,5,6)	(1,2,9,6,7,5,3,8,4)	m3.1
3289	(1,7,6,1,7,8,4,4,7)	(1,2,9,6,7,5,4,8,3)	a0.1
3290	(1,7,6,1,7,8,8,5,2)	(1,2,9,6,7,5,4,3,8)	a0.1
3291	(1,7,6,2,4,4,7,8,6)	(1,2,9,6,8,3,7,5,4)	p3.1
3292	(1,7,6,2,5,3,7,7,7)	(1,2,9,6,8,4,7,5,3)	a0.1
3293	(1,7,6,2,5,8,4,7,5)	(1,2,9,6,8,4,3,7,5)	a0.1
3294	(1,7,6,2,6,2,6,8,7)	(1,2,9,6,8,5,7,4,3)	p3.1
3295	(1,7,6,2,6,7,4,6,6)	(1,2,9,6,8,5,3,7,4)	m5.2
3296	(1,7,6,2,6,8,3,5,7)	(1,2,9,6,8,5,4,7,3)	a0.1
3297	(1,7,6,2,6,8,8,4,3)	(1,2,9,6,8,5,4,3,7)	p3.1
3298	(1,7,6,2,8,5,2,8,6)	(1,2,9,6,8,7,3,5,4)	a0.1
3299	(1,7,6,2,8,6,1,7,7)	(1,2,9,6,8,7,4,5,3)	a0.1
3300	(1,7,6,2,8,6,8,2,5)	(1,2,9,6,8,7,4,3,5)	a0.1
3301	(1,7,6,6,2,3,8,6,6)	(1,2,9,6,3,5,8,7,4)	a0.1
3302	(1,7,6,6,2,8,4,8,3)	(1,2,9,6,3,5,4,8,7)	a0.1
3303	(1,7,6,6,4,6,4,6,5)	(1,2,9,6,3,7,4,8,5)	m8.19
3304	(1,7,6,6,4,7,3,5,6)	(1,2,9,6,3,7,5,8,4)	m5.1
3305	(1,7,6,6,4,7,8,4,2)	(1,2,9,6,3,7,5,4,8)	a0.1
3306	(1,7,6,6,5,5,3,7,5)	(1,2,9,6,3,8,4,7,5)	m5.1
3307	(1,7,6,6,5,6,2,6,6)	(1,2,9,6,3,8,5,7,4)	m5.2
3308	(1,7,6,6,5,6,8,3,3)	(1,2,9,6,3,8,5,4,7)	a0.1
3309	(1,7,6,7,3,5,5,6,5)	(1,2,9,6,4,7,3,8,5)	m5.1
3310	(1,7,6,7,3,7,3,4,7)	(1,2,9,6,4,7,5,8,3)	m3.1
3311	(1,7,6,7,3,7,7,5,2)	(1,2,9,6,4,7,5,3,8)	m3.1
3312	(1,7,6,7,4,4,4,7,5)	(1,2,9,6,4,8,3,7,5)	m5.2
3313	(1,7,6,7,4,6,2,5,7)	(1,2,9,6,4,8,5,7,3)	a0.1
3314	(1,7,6,7,4,6,7,4,3)	(1,2,9,6,4,8,5,3,7)	m5.2
3315	(1,7,6,7,4,8,5,2,5)	(1,2,9,6,4,8,7,3,5)	a0.1
3316	(1,7,6,7,8,2,3,8,3)	(1,2,9,6,4,3,5,8,7)	a0.1
3317	(1,7,6,7,8,4,7,3,2)	(1,2,9,6,4,3,7,5,8)	a0.1
3318	(1,7,6,7,8,5,6,2,3)	(1,2,9,6,4,3,8,5,7)	p3.1
3319	(1,7,6,8,2,5,5,5,6)	(1,2,9,6,5,7,3,8,4)	m3.1
3320	(1,7,6,8,2,6,4,4,7)	(1,2,9,6,5,7,4,8,3)	a0.1
3321	(1,7,6,8,2,6,8,5,2)	(1,2,9,6,5,7,4,3,8)	a0.1
3322	(1,7,6,8,3,4,4,6,6)	(1,2,9,6,5,8,3,7,4)	a0.1
3323	(1,7,6,8,3,5,3,5,7)	(1,2,9,6,5,8,4,7,3)	a0.1
3324	(1,7,6,8,3,5,8,4,3)	(1,2,9,6,5,8,4,3,7)	a0.1
3325	(1,7,6,8,7,4,6,4,2)	(1,2,9,6,5,3,7,4,8)	a0.1
3326	(1,7,6,8,7,5,5,3,3)	(1,2,9,6,5,3,8,4,7)	a0.1
3327	(1,7,6,8,8,3,5,5,2)	(1,2,9,6,5,4,7,3,8)	a0.1
3328	(1,7,6,8,8,4,4,4,3)	(1,2,9,6,5,4,8,3,7)	p3.1
3329	(1,7,7,1,7,7,1,7,7)	(1,2,9,7,8,6,4,5,3)	a0.1
3330	(1,7,7,1,7,7,8,2,5)	(1,2,9,7,8,6,4,3,5)	a0.1
3331	(1,7,7,5,2,3,7,7,6)	(1,2,9,7,3,5,8,6,4)	a4.1
3332	(1,7,7,5,2,8,4,7,4)	(1,2,9,7,3,5,4,8,6)	m3.1
3333	(1,7,7,5,3,2,6,8,6)	(1,2,9,7,3,6,8,5,4)	a0.1
3334	(1,7,7,5,3,7,4,6,5)	(1,2,9,7,3,6,4,8,5)	m5.1
3335	(1,7,7,5,3,8,3,5,6)	(1,2,9,7,3,6,5,8,4)	m3.1
3336	(1,7,7,5,3,8,8,4,2)	(1,2,9,7,3,6,5,4,8)	a0.1
3337	(1,7,7,5,5,5,2,8,5)	(1,2,9,7,3,8,4,6,5)	m3.1
3338	(1,7,7,5,5,6,8,2,4)	(1,2,9,7,3,8,5,4,6)	m3.1
3339	(1,7,7,6,2,2,6,7,7)	(1,2,9,7,4,6,8,5,3)	p3.1
3340	(1,7,7,6,2,6,5,6,5)	(1,2,9,7,4,6,3,8,5)	m5.2
3341	(1,7,7,6,2,8,3,4,7)	(1,2,9,7,4,6,5,8,3)	a0.1
3342	(1,7,7,6,2,8,7,5,2)	(1,2,9,7,4,6,5,3,8)	a0.1
3343	(1,7,7,6,4,4,3,8,5)	(1,2,9,7,4,8,3,6,5)	a0.1
3344	(1,7,7,6,4,6,7,3,4)	(1,2,9,7,4,8,5,3,6)	m5.1
3345	(1,7,7,6,4,7,6,2,5)	(1,2,9,7,4,8,6,3,5)	m5.2
3346	(1,7,7,6,8,2,3,7,4)	(1,2,9,7,4,3,5,8,6)	m3.1
3347	(1,7,7,6,8,3,2,6,5)	(1,2,9,7,4,3,6,8,5)	a0.1
3348	(1,7,7,6,8,3,8,3,2)	(1,2,9,7,4,3,6,5,8)	a0.1
3349	(1,7,7,7,1,7,8,5,2)	(1,2,9,7,5,6,4,3,8)	a0.1
3350	(1,7,7,7,3,4,3,7,6)	(1,2,9,7,5,8,3,6,4)	a4.1
3351	(1,7,7,7,3,5,2,6,7)	(1,2,9,7,5,8,4,6,3)	a0.1
3352	(1,7,7,7,3,5,8,3,4)	(1,2,9,7,5,8,4,3,6)	m3.1
3353	(1,7,7,7,7,3,2,5,6)	(1,2,9,7,5,3,6,8,4)	a4.1
3354	(1,7,7,7,7,3,7,4,2)	(1,2,9,7,5,3,6,4,8)	m3.1
3355	(1,7,7,7,7,5,5,2,4)	(1,2,9,7,5,3,8,4,6)	a4.1
3356	(1,7,7,7,8,2,2,4,7)	(1,2,9,7,5,4,6,8,3)	a0.1
3357	(1,7,7,7,8,2,6,5,2)	(1,2,9,7,5,4,6,3,8)	a0.1
3358	(1,7,7,7,8,4,4,3,4)	(1,2,9,7,5,4,8,3,6)	a0.1
3359	(1,7,7,7,8,8,3,2,2)	(1,2,9,7,5,4,3,6,8)	a0.1
3360	(1,7,7,8,2,4,2,8,6)	(1,2,9,7,6,8,3,5,4)	a0.1
3361	(1,7,7,8,2,5,8,2,5)	(1,2,9,7,6,8,4,3,5)	a0.1
3362	(1,7,7,8,6,2,3,5,6)	(1,2,9,7,6,3,5,8,4)	a0.1
3363	(1,7,7,8,6,2,8,4,2)	(1,2,9,7,6,3,5,4,8)	a0.1
3364	(1,7,7,8,7,4,4,2,5)	(1,2,9,7,6,4,8,3,5)	p3.1
3365	(1,7,7,8,7,8,2,3,2)	(1,2,9,7,6,4,3,5,8)	a0.1
3366	(1,7,8,4,2,2,8,7,6)	(1,2,9,8,3,5,7,6,4)	a0.1
3367	(1,7,8,4,2,8,3,8,4)	(1,2,9,8,3,5,4,7,6)	a0.1
3368	(1,7,8,4,3,1,7,8,6)	(1,2,9,8,3,6,7,5,4)	a0.1
3369	(1,7,8,4,3,7,3,7,5)	(1,2,9,8,3,6,4,7,5)	m3.1
3370	(1,7,8,4,3,8,2,6,6)	(1,2,9,8,3,6,5,7,4)	a0.1
3371	(1,7,8,4,3,8,8,3,3)	(1,2,9,8,3,6,5,4,7)	a0.1
3372	(1,7,8,4,4,6,2,8,5)	(1,2,9,8,3,7,4,6,5)	a0.1
3373	(1,7,8,4,4,7,8,2,4)	(1,2,9,8,3,7,5,4,6)	a0.1
3374	(1,7,8,5,2,6,4,7,5)	(1,2,9,8,4,6,3,7,5)	a0.1
3375	(1,7,8,5,2,8,2,5,7)	(1,2,9,8,4,6,5,7,3)	a0.1
3376	(1,7,8,5,2,8,7,4,3)	(1,2,9,8,4,6,5,3,7)	a0.1
3377	(1,7,8,5,3,5,3,8,5)	(1,2,9,8,4,7,3,6,5)	a0.1
3378	(1,7,8,5,3,7,7,3,4)	(1,2,9,8,4,7,5,3,6)	m3.1
3379	(1,7,8,5,3,8,6,2,5)	(1,2,9,8,4,7,6,3,5)	a0.1
3380	(1,7,8,5,8,2,2,8,4)	(1,2,9,8,4,3,5,7,6)	a0.1
3381	(1,7,8,5,8,3,8,2,3)	(1,2,9,8,4,3,6,5,7)	a0.1
3382	(1,7,8,6,2,5,3,7,6)	(1,2,9,8,5,7,3,6,4)	a0.1
3383	(1,7,8,6,2,6,2,6,7)	(1,2,9,8,5,7,4,6,3)	p3.1
3384	(1,7,8,6,2,6,8,3,4)	(1,2,9,8,5,7,4,3,6)	a0.1
3385	(1,7,8,6,7,3,7,3,3)	(1,2,9,8,5,3,6,4,7)	m3.1
3386	(1,7,8,6,7,4,6,2,4)	(1,2,9,8,5,3,7,4,6)	a0.1
3387	(1,7,8,6,8,2,6,4,3)	(1,2,9,8,5,4,6,3,7)	a0.1
3388	(1,7,8,6,8,3,5,3,4)	(1,2,9,8,5,4,7,3,6)	a0.1
3389	(1,7,8,7,6,2,2,6,6)	(1,2,9,8,6,3,5,7,4)	p3.1
3390	(1,7,8,7,6,2,8,3,3)	(1,2,9,8,6,3,5,4,7)	a0.1
3391	(1,7,8,7,7,3,5,2,5)	(1,2,9,8,6,4,7,3,5)	a0.1
3392	(1,7,8,7,7,8,2,2,3)	(1,2,9,8,6,4,3,5,7)	a0.1
3393	(1,7,8,8,5,2,8,2,4)	(1,2,9,8,7,3,5,4,6)	a0.1
3394	(1,7,8,8,6,2,6,2,5)	(1,2,9,8,7,4,6,3,5)	p3.1
3395	(2,2,2,2,8,7,7,7,8)	(1,3,5,7,9,8,6,4,2)	a0.1
3396	(2,2,2,4,7,8,7,7,6)	(1,3,5,7,2,9,8,6,4)	a4.1
3397	(2,2,2,6,5,8,7,5,8)	(1,3,5,7,4,9,8,6,2)	p3.1
3398	(2,2,2,6,7,7,8,7,4)	(1,3,5,7,4,2,9,8,6)	a4.1
3399	(2,2,2,8,3,8,5,7,8)	(1,3,5,7,6,9,8,4,2)	a0.1
3400	(2,2,2,8,5,7,8,5,6)	(1,3,5,7,6,2,9,8,4)	p3.1
3401	(2,2,2,8,7,5,8,3,8)	(1,3,5,7,6,4,9,8,2)	a0.1
3402	(2,2,3,3,7,7,8,7,6)	(1,3,5,8,2,9,7,6,4)	a0.1
3403	(2,2,3,5,5,7,8,5,8)	(1,3,5,8,4,9,7,6,2)	a0.1
3404	(2,2,3,5,7,7,7,8,4)	(1,3,5,8,4,2,9,7,6)	a0.1
3405	(2,2,3,7,3,7,6,7,8)	(1,3,5,8,6,9,7,4,2)	m3.1
